"delta","sigma","IA_N","FA_N","N_max","Pr_fav","Pr_prom","Pr_unfav","Sig_fixed","Sig_fixed_fav","Sig_fixed_prom","Sig_fixed_unfav","Sig_ada","Sig_ada_fav","Sig_ada_prom","Sig_ada_unfav","ASN","ASN_fav","ASN_prom","ASN_unfav"
1,5,208,442,884,0.3645,0.2361,0.3994,0.5492,0.843072702331962,0.586615840745447,0.258888332498748,0.5973,0.843072702331962,0.790343074968234,0.258888332498748,502.7254,442,699.202033036849,442
1.01,5,208,442,884,0.376,0.2314,0.3926,0.5664,0.85186170212766,0.596369922212619,0.275343861436577,0.61,0.85186170212766,0.784788245462403,0.275343861436577,498.758,442,687.280898876405,442
1.02,5,208,442,884,0.3872,0.2338,0.379,0.575,0.856663223140496,0.594525235243798,0.275197889182058,0.6209,0.856663223140496,0.790846877673225,0.275197889182058,498.9086,442,685.407185628742,442
1.03,5,208,442,884,0.388,0.2285,0.3835,0.5761,0.856958762886598,0.605689277899344,0.274315514993481,0.6204,0.856958762886598,0.799562363238512,0.274315514993481,496.9759,442,682.594748358862,442
1.04,5,208,442,884,0.4048,0.2306,0.3646,0.5959,0.869071146245059,0.612749349522984,0.281952825013714,0.6402,0.869071146245059,0.804856895056375,0.281952825013714,500.2558,442,694.627059843885,442
1.05,5,208,442,884,0.4015,0.2324,0.3661,0.5854,0.859526774595268,0.604130808950086,0.272876263316034,0.6347,0.859526774595268,0.816265060240964,0.272876263316034,499.2824,442,688.481927710843,442
1.06,5,208,442,884,0.4063,0.2353,0.3584,0.6073,0.874230863893675,0.628984275393115,0.290457589285714,0.6537,0.874230863893675,0.826179345516362,0.290457589285714,499.1793,442,685.005949851254,442
1.07,5,208,442,884,0.4124,0.2362,0.3514,0.6076,0.863239573229874,0.616003386960203,0.301935116676153,0.657,0.863239573229874,0.825148179508891,0.301935116676153,500.2113,442,688.449195596952,442
1.08,5,208,442,884,0.4232,0.2289,0.3479,0.6222,0.879253308128544,0.64089121887287,0.297211842483472,0.6645,0.879253308128544,0.825688073394495,0.297211842483472,497.8312,442,685.910878112713,442
1.09,5,208,442,884,0.4262,0.2285,0.3453,0.6294,0.873768183951197,0.645951859956236,0.316825948450623,0.6725,0.873768183951197,0.834573304157549,0.316825948450623,499.3945,442,693.17943107221,442
1.1,5,208,442,884,0.4345,0.2239,0.3416,0.6381,0.882623705408516,0.639124609200536,0.326405152224824,0.6804,0.882623705408516,0.828048235819562,0.326405152224824,496.6451,442,686.060294774453,442
1.11,5,208,442,884,0.4363,0.2329,0.3308,0.6499,0.890671556268622,0.658222413052812,0.326481257557437,0.6921,0.890671556268622,0.839416058394161,0.326481257557437,497.5631,442,680.570631172177,442
1.12,5,208,442,884,0.4283,0.2357,0.336,0.6476,0.888162502918515,0.655494272380144,0.335416666666667,0.692,0.888162502918515,0.843869325413661,0.335416666666667,499.449,442,685.737802291048,442
1.13,5,208,442,884,0.4485,0.2288,0.3227,0.6694,0.896321070234114,0.673951048951049,0.350790207623179,0.7097,0.896321070234114,0.850087412587413,0.350790207623179,497.698,442,685.435314685315,442
1.14,5,208,442,884,0.4563,0.2237,0.32,0.6623,0.887573964497041,0.653106839517211,0.3475,0.7073,0.887573964497041,0.854269110415735,0.3475,496.4519,442,685.41484130532,442
1.15,5,208,442,884,0.4607,0.2333,0.306,0.6751,0.901020186672455,0.661380197171024,0.345424836601307,0.7229,0.901020186672455,0.866266609515645,0.345424836601307,499.8774,442,690.081440205744,442
1.16,5,208,442,884,0.4584,0.2321,0.3095,0.6774,0.898560209424084,0.666953899181387,0.35767366720517,0.7232,0.898560209424084,0.864282636794485,0.35767366720517,498.4177,442,685.074967686342,442
1.17,5,208,442,884,0.4661,0.228,0.3059,0.6844,0.900021454623471,0.679824561403509,0.359267734553776,0.7296,0.900021454623471,0.878070175438596,0.359267734553776,497.8073,442,686.768859649123,442
1.18,5,208,442,884,0.4736,0.2298,0.2966,0.7035,0.912795608108108,0.687554395126197,0.381658799730276,0.7452,0.912795608108108,0.869016536118364,0.381658799730276,497.4945,442,683.490426457789,442
1.19,5,208,442,884,0.4852,0.2234,0.2914,0.7002,0.909934047815334,0.678603401969561,0.367536032944406,0.7432,0.909934047815334,0.871083258728738,0.367536032944406,495.582,442,681.847806624888,442
1.2,5,208,442,884,0.4833,0.2266,0.2901,0.7055,0.907717773639561,0.697705207413945,0.374698379869011,0.7472,0.907717773639561,0.881729920564872,0.374698379869011,495.6536,442,678.776699029126,442
1.21,5,208,442,884,0.4963,0.2205,0.2832,0.7202,0.91315736449728,0.71156462585034,0.388771186440678,0.7587,0.91315736449728,0.886167800453515,0.388771186440678,495.6312,442,685.225396825397,442
1.22,5,208,442,884,0.4939,0.2209,0.2852,0.7198,0.916784774245799,0.697600724309642,0.39586255259467,0.7628,0.916784774245799,0.892258940697148,0.39586255259467,495.2474,442,683.047532820281,442
1.23,5,208,442,884,0.5116,0.2167,0.2717,0.7324,0.915754495699765,0.712505768343332,0.403018034596982,0.7701,0.915754495699765,0.886479003230272,0.403018034596982,493.1094,442,677.853253345639,442
1.24,5,208,442,884,0.515,0.2237,0.2613,0.7399,0.920194174757282,0.719266875279392,0.402219670876387,0.7799,0.920194174757282,0.898077782744747,0.402219670876387,496.3905,442,685.14036656236,442
1.25,5,208,442,884,0.5017,0.2209,0.2774,0.7403,0.920669722941997,0.718877320054323,0.431146359048306,0.7774,0.920669722941997,0.886826618379357,0.431146359048306,494.1395,442,678.03214124038,442
1.26,5,208,442,884,0.5209,0.2198,0.2593,0.7462,0.926665386830486,0.71565059144677,0.409564211338218,0.7874,0.926665386830486,0.903093721565059,0.409564211338218,494.4441,442,680.599181073703,442
1.27,5,208,442,884,0.5308,0.2194,0.2498,0.7644,0.930859080633007,0.736098450319052,0.435548438751001,0.8021,0.930859080633007,0.907930720145852,0.435548438751001,495.2188,442,684.56517775752,442
1.28,5,208,442,884,0.5301,0.2171,0.2528,0.7643,0.930579136012073,0.740672501151543,0.435917721518987,0.7999,0.930579136012073,0.904652233993551,0.435917721518987,492.9795,442,676.820359281437,442
1.29,5,208,442,884,0.5341,0.2152,0.2507,0.7747,0.937839355925857,0.75185873605948,0.446749102512964,0.8108,0.937839355925857,0.919609665427509,0.446749102512964,492.7865,442,677.996747211896,442
1.3,5,208,442,884,0.5423,0.2149,0.2428,0.7764,0.93767287479255,0.760818985574686,0.42998352553542,0.8111,0.93767287479255,0.922289436947417,0.42998352553542,492.0552,442,674.923220102373,442
1.31,5,208,442,884,0.5546,0.2105,0.2349,0.7789,0.937071763433105,0.74061757719715,0.439761600681141,0.8163,0.937071763433105,0.918289786223278,0.439761600681141,492.0129,442,679.590973871734,442
1.32,5,208,442,884,0.5511,0.2147,0.2342,0.7915,0.940482671021593,0.753609687936656,0.475661827497865,0.8268,0.940482671021593,0.91802515137401,0.475661827497865,493.7665,442,683.110852352119,442
1.33,5,208,442,884,0.557,0.2225,0.2205,0.8024,0.94524236983842,0.780674157303371,0.463492063492064,0.8345,0.94524236983842,0.924943820224719,0.463492063492064,495.0459,442,680.408539325843,442
1.34,5,208,442,884,0.564,0.2057,0.2303,0.8002,0.948936170212766,0.782693242586291,0.451584889274859,0.8299,0.948936170212766,0.927078269324259,0.451584889274859,490.9617,442,680.02479338843,442
1.35,5,208,442,884,0.5579,0.2153,0.2268,0.8096,0.951424986556731,0.786344635392476,0.482804232804233,0.8418,0.951424986556731,0.935903390617743,0.482804232804233,492.1405,442,674.886669763121,442
1.36,5,208,442,884,0.5731,0.2082,0.2187,0.8108,0.947304135403943,0.78626320845341,0.476451760402378,0.8419,0.947304135403943,0.935638808837656,0.476451760402378,490.8758,442,676.754082612872,442
1.37,5,208,442,884,0.5859,0.2033,0.2108,0.8292,0.955965181771633,0.789473684210526,0.515180265654649,0.858,0.955965181771633,0.931136251844565,0.515180265654649,489.2136,442,674.23610427939,442
1.38,5,208,442,884,0.5864,0.2123,0.2013,0.8264,0.952592087312415,0.773433820065944,0.514654744162941,0.8591,0.952592087312415,0.927461139896373,0.514654744162941,492.7293,442,680.951012717852,442
1.39,5,208,442,884,0.5953,0.1959,0.2088,0.8236,0.95397278683017,0.783563042368555,0.489463601532567,0.8541,0.95397278683017,0.939254721796835,0.489463601532567,488.841,442,681.106687085248,442
1.4,5,208,442,884,0.6021,0.1987,0.1992,0.8401,0.95249958478658,0.813789632611978,0.526606425702811,0.8656,0.95249958478658,0.94212380473075,0.526606425702811,489.5697,442,681.404630095622,442
1.41,5,208,442,884,0.6112,0.1959,0.1929,0.8451,0.957297120418848,0.818274629913221,0.51684810782789,0.869,0.957297120418848,0.940275650842266,0.51684810782789,487.4884,442,674.202143950995,442
1.42,5,208,442,884,0.6149,0.1935,0.1916,0.8423,0.956253049276305,0.800516795865633,0.518789144050104,0.8696,0.956253049276305,0.941602067183463,0.518789144050104,487.8471,442,678.935917312661,442
1.43,5,208,442,884,0.6201,0.199,0.1809,0.8566,0.963715529753266,0.812060301507538,0.538419016030956,0.8823,0.963715529753266,0.941206030150754,0.538419016030956,488.5773,442,676.056783919598,442
1.44,5,208,442,884,0.6262,0.1874,0.1864,0.854,0.966464388374321,0.7982924226254,0.532188841201717,0.8812,0.966464388374321,0.943436499466382,0.532188841201717,486.2358,442,678.050160085379,442
1.45,5,208,442,884,0.6273,0.19,0.1827,0.8565,0.963494340825761,0.812631578947368,0.534756431308155,0.8812,0.963494340825761,0.942631578947368,0.534756431308155,484.2472,442,664.353684210526,442
1.46,5,208,442,884,0.6328,0.1931,0.1741,0.8616,0.96634007585335,0.829621957534956,0.516369902354968,0.8853,0.96634007585335,0.952356292076644,0.516369902354968,486.1767,442,670.776281719316,442
1.47,5,208,442,884,0.6454,0.179,0.1756,0.8636,0.963278586922839,0.811731843575419,0.550113895216401,0.8884,0.963278586922839,0.950279329608939,0.550113895216401,483.3209,442,672.843016759777,442
1.48,5,208,442,884,0.6441,0.19,0.1659,0.877,0.966464834653004,0.831578947368421,0.581675708257987,0.8995,0.966464834653004,0.95,0.581675708257987,485.5946,442,671.445263157895,442
1.49,5,208,442,884,0.6367,0.1923,0.171,0.8796,0.972514528035181,0.84659386375455,0.570760233918129,0.9008,0.972514528035181,0.956838273530941,0.570760233918129,486.1804,442,671.747269890796,442
1.5,5,208,442,884,0.6548,0.1797,0.1655,0.8759,0.968540012217471,0.822481914301614,0.567371601208459,0.8997,0.968540012217471,0.954924874791319,0.567371601208459,483.7105,442,674.111853088481,442
1.51,5,208,442,884,0.6618,0.1842,0.154,0.8821,0.968419462073134,0.830618892508143,0.572727272727273,0.9042,0.968419462073134,0.950597176981542,0.572727272727273,486.3026,442,682.513572204126,442
1.52,5,208,442,884,0.6664,0.1785,0.1551,0.8852,0.967587034813926,0.841456582633053,0.581560283687943,0.9059,0.967587034813926,0.957422969187675,0.581560283687943,483.4898,442,674.435854341737,442
1.53,5,208,442,884,0.6657,0.1776,0.1567,0.8957,0.971909268439237,0.856418918918919,0.616464582003829,0.9154,0.971909268439237,0.967342342342342,0.616464582003829,483.7261,442,676.944256756757,442
1.54,5,208,442,884,0.6694,0.175,0.1556,0.8949,0.972512697938452,0.858857142857143,0.601542416452442,0.9122,0.972512697938452,0.957714285714286,0.601542416452442,482.2332,442,671.904,442
1.55,5,208,442,884,0.6767,0.177,0.1463,0.8999,0.971922565390867,0.849717514124294,0.627477785372522,0.9206,0.971922565390867,0.966666666666667,0.627477785372522,482.7227,442,672.071751412429,442
1.56,5,208,442,884,0.6875,0.1735,0.139,0.9047,0.976872727272727,0.853602305475504,0.611510791366906,0.9233,0.976872727272727,0.960806916426513,0.611510791366906,480.3465,442,663.017291066282,442
1.57,5,208,442,884,0.6905,0.1707,0.1388,0.908,0.976393917451122,0.86174575278266,0.62463976945245,0.9268,0.976393917451122,0.971880492091388,0.62463976945245,481.3646,442,672.606912712361,442
1.58,5,208,442,884,0.6934,0.1713,0.1353,0.916,0.979521199884626,0.88733216579101,0.626755358462675,0.9299,0.979521199884626,0.968476357267951,0.626755358462675,479.9099,442,663.307063631057,442
1.59,5,208,442,884,0.6969,0.1716,0.1315,0.9134,0.98019801980198,0.878787878787879,0.604562737642586,0.9293,0.98019801980198,0.971445221445221,0.604562737642586,481.6339,442,672.966783216783,442
1.6,5,208,442,884,0.702,0.1682,0.1298,0.9175,0.982621082621083,0.876337693222354,0.61864406779661,0.9337,0.982621082621083,0.972651605231867,0.61864406779661,480.9324,442,673.464922711058,442
1.61,5,208,442,884,0.7098,0.1635,0.1267,0.922,0.982389405466329,0.875229357798165,0.644041041831097,0.9377,0.982389405466329,0.971253822629969,0.644041041831097,478.9579,442,668.042201834862,442
1.62,5,208,442,884,0.7106,0.1712,0.1182,0.9264,0.981564874753729,0.896028037383178,0.638747884940778,0.9406,0.981564874753729,0.978971962616822,0.638747884940778,480.3529,442,666.023948598131,442
1.63,5,208,442,884,0.7204,0.1616,0.118,0.9287,0.979317046085508,0.886757425742574,0.677118644067797,0.9429,0.979317046085508,0.974628712871287,0.677118644067797,479.0806,442,671.459158415842,442
1.64,5,208,442,884,0.7255,0.1572,0.1173,0.9302,0.981529979324604,0.88676844783715,0.670929241261722,0.9434,0.981529979324604,0.970737913486005,0.670929241261722,477.1434,442,665.558524173028,442
1.65,5,208,442,884,0.7336,0.1512,0.1152,0.9318,0.982824427480916,0.892195767195767,0.658854166666667,0.9449,0.982824427480916,0.978835978835979,0.658854166666667,476.5185,442,670.296957671958,442
1.66,5,208,442,884,0.7293,0.1585,0.1122,0.9329,0.986288221582339,0.878864353312303,0.662210338680927,0.9485,0.986288221582339,0.977287066246057,0.662210338680927,478.0072,442,669.17476340694,442
1.67,5,208,442,884,0.7349,0.1534,0.1117,0.94,0.983943393659001,0.906779661016949,0.696508504923903,0.9507,0.983943393659001,0.976531942633638,0.696508504923903,475.8009,442,662.344850065189,442
1.68,5,208,442,884,0.743,0.1524,0.1046,0.9408,0.985060565275908,0.891732283464567,0.697896749521989,0.9536,0.985060565275908,0.975721784776903,0.697896749521989,476.0594,442,665.48687664042,442
1.69,5,208,442,884,0.7446,0.152,0.1034,0.9412,0.985092667203868,0.896052631578947,0.691489361702128,0.954,0.985092667203868,0.980263157894737,0.691489361702128,475.8739,442,664.854605263158,442
1.7,5,208,442,884,0.7497,0.1456,0.1047,0.9415,0.985460851007069,0.902472527472527,0.680993314231137,0.9531,0.985460851007069,0.982142857142857,0.680993314231137,474.8095,442,667.339972527473,442
1.71,5,208,442,884,0.7522,0.1456,0.1022,0.9458,0.987636266950279,0.909340659340659,0.689823874755382,0.9565,0.987636266950279,0.98282967032967,0.689823874755382,474.075,442,662.29532967033,442
1.72,5,208,442,884,0.7631,0.1403,0.0966,0.9478,0.986895557594024,0.908054169636493,0.696687370600414,0.9588,0.986895557594024,0.986457590876693,0.696687370600414,473.5608,442,666.952245188881,442
1.73,5,208,442,884,0.7614,0.1453,0.0933,0.949,0.986472287890728,0.903647625602202,0.713826366559486,0.9607,0.986472287890728,0.984170681348933,0.713826366559486,473.43,442,658.311080523056,442
1.74,5,208,442,884,0.7683,0.1423,0.0894,0.9537,0.989977873226604,0.907238229093465,0.715883668903803,0.9645,0.989977873226604,0.983134223471539,0.715883668903803,473.8604,442,665.895994378075,442
1.75,5,208,442,884,0.7771,0.1368,0.0861,0.9603,0.989447947497105,0.921783625730994,0.758420441347271,0.9687,0.989447947497105,0.983187134502924,0.758420441347271,472.1133,442,662.126461988304,442
1.76,5,208,442,884,0.7807,0.1318,0.0875,0.9567,0.989752785961317,0.919575113808801,0.717714285714286,0.9647,0.989752785961317,0.980273141122914,0.717714285714286,471.3509,442,664.692716236722,442
1.77,5,208,442,884,0.7868,0.1293,0.0839,0.9621,0.991611591255719,0.924980665119876,0.742550655542312,0.9703,0.991611591255719,0.988399071925754,0.742550655542312,470.693,442,663.910286156226,442
1.78,5,208,442,884,0.7871,0.127,0.0859,0.9622,0.991233642485072,0.933858267716535,0.738067520372526,0.969,0.991233642485072,0.98740157480315,0.738067520372526,469.6642,442,659.828346456693,442
1.79,5,208,442,884,0.7853,0.1339,0.0808,0.9592,0.989430790780593,0.897684839432412,0.767326732673267,0.9712,0.989430790780593,0.987303958177745,0.767326732673267,471.3054,442,660.860343539955,442
1.8,5,208,442,884,0.7962,0.1258,0.078,0.9663,0.992338608389852,0.926073131955485,0.765384615384615,0.9746,0.992338608389852,0.992050874403816,0.765384615384615,469.3201,442,659.170906200318,442
1.81,5,208,442,884,0.8002,0.1245,0.0753,0.9673,0.99087728067983,0.93574297188755,0.768924302788845,0.9737,0.99087728067983,0.98714859437751,0.768924302788845,469.7044,442,664.525301204819,442
1.82,5,208,442,884,0.807,0.118,0.075,0.9685,0.99182156133829,0.938135593220339,0.765333333333333,0.9745,0.99182156133829,0.988983050847458,0.765333333333333,467.6365,442,659.258474576271,442
1.83,5,208,442,884,0.8062,0.1193,0.0745,0.9705,0.993922103696353,0.937971500419111,0.769127516778524,0.9768,0.993922103696353,0.990779547359598,0.769127516778524,468.1778,442,661.428331936295,442
1.84,5,208,442,884,0.8132,0.1174,0.0694,0.9689,0.991269060501722,0.949744463373083,0.739193083573487,0.9737,0.991269060501722,0.990630323679727,0.739193083573487,467.2372,442,656.967632027257,442
1.85,5,208,442,884,0.8196,0.1185,0.0619,0.9768,0.994387506100537,0.945147679324895,0.804523424878837,0.9818,0.994387506100537,0.987341772151899,0.804523424878837,468.4596,442,665.28776371308,442
1.86,5,208,442,884,0.8154,0.1186,0.066,0.9733,0.993254844248222,0.935075885328836,0.795454545454545,0.9795,0.993254844248222,0.987352445193929,0.795454545454545,468.1102,442,662.153456998314,442
1.87,5,208,442,884,0.821,0.112,0.067,0.975,0.993422655298417,0.941071428571429,0.805970149253731,0.9805,0.993422655298417,0.990178571428571,0.805970149253731,466.5727,442,661.399107142857,442
1.88,5,208,442,884,0.8221,0.1163,0.0616,0.9739,0.994161294246442,0.939810834049871,0.767857142857143,0.9794,0.994161294246442,0.987102321582115,0.767857142857143,467.1018,442,657.836629406707,442
1.89,5,208,442,884,0.8291,0.11,0.0609,0.9748,0.994089977083585,0.939090909090909,0.776683087027915,0.9806,0.994089977083585,0.991818181818182,0.776683087027915,466.2385,442,662.35,442
1.9,5,208,442,884,0.837,0.1067,0.0563,0.98,0.995698924731183,0.9456419868791,0.811722912966252,0.9844,0.995698924731183,0.986879100281162,0.811722912966252,464.5911,442,653.725398313027,442
1.91,5,208,442,884,0.8358,0.108,0.0562,0.9807,0.996769562096195,0.950925925925926,0.798932384341637,0.985,0.996769562096195,0.990740740740741,0.798932384341637,464.582,442,651.092592592593,442
1.92,5,208,442,884,0.8406,0.1007,0.0587,0.9784,0.994527718296455,0.940417080436941,0.812606473594549,0.9833,0.994527718296455,0.989076464746773,0.812606473594549,462.9687,442,650.229394240318,442
1.93,5,208,442,884,0.8401,0.1024,0.0575,0.9798,0.994762528270444,0.9541015625,0.80695652173913,0.9837,0.994762528270444,0.9921875,0.80695652173913,463.119,442,648.240234375,442
1.94,5,208,442,884,0.8457,0.1043,0.05,0.9808,0.994797209412321,0.938638542665388,0.832,0.9863,0.994797209412321,0.99137104506232,0.832,465.0758,442,663.244487056568,442
1.95,5,208,442,884,0.8501,0.0983,0.0516,0.9809,0.995529937654394,0.947100712105799,0.804263565891473,0.9856,0.995529937654394,0.994913530010173,0.804263565891473,462.5748,442,651.306205493388,442
1.96,5,208,442,884,0.8559,0.0976,0.0465,0.9838,0.995443392919734,0.95594262295082,0.827956989247312,0.9874,0.995443392919734,0.992827868852459,0.827956989247312,463.4048,442,661.311475409836,442
1.97,5,208,442,884,0.8549,0.098,0.0471,0.9879,0.997426599602293,0.964285714285714,0.86411889596603,0.991,0.997426599602293,0.995918367346939,0.86411889596603,462.4357,442,650.527551020408,442
1.98,5,208,442,884,0.8624,0.0932,0.0444,0.9865,0.995709647495362,0.964592274678112,0.853603603603604,0.9898,0.995709647495362,1,0.853603603603604,461.9702,442,656.272532188841,442
1.99,5,208,442,884,0.8641,0.0874,0.0485,0.9891,0.997685453072561,0.969107551487414,0.872164948453608,0.9915,0.997685453072561,0.996567505720824,0.872164948453608,460.9565,442,658.893592677346,442
2,5,208,442,884,0.8714,0.0893,0.0393,0.9878,0.99701629561625,0.963045912653975,0.83969465648855,0.9906,0.99701629561625,0.994400895856663,0.83969465648855,460.8278,442,652.837625979843,442
2.01,5,208,442,884,0.8746,0.0857,0.0397,0.9886,0.997827578321518,0.96732788798133,0.831234256926952,0.9909,0.997827578321518,0.99416569428238,0.831234256926952,460.1505,442,653.791131855309,442
2.02,5,208,442,884,0.8747,0.0842,0.0411,0.988,0.997827826683434,0.958432304038005,0.839416058394161,0.9909,0.997827826683434,0.992874109263658,0.839416058394161,460.0388,442,656.237529691211,442
2.03,5,208,442,884,0.8783,0.0826,0.0391,0.9904,0.998064442673346,0.968523002421308,0.864450127877238,0.9928,0.998064442673346,0.997578692493947,0.864450127877238,459.0966,442,648.980629539952,442
2.04,5,208,442,884,0.8798,0.0779,0.0423,0.9907,0.997954080472835,0.96405648267009,0.888888888888889,0.9933,0.997954080472835,0.997432605905006,0.888888888888889,458.607,442,655.183568677792,442
2.05,5,208,442,884,0.8781,0.0832,0.0387,0.9909,0.998177884067874,0.959134615384615,0.89405684754522,0.9937,0.998177884067874,0.992788461538462,0.89405684754522,459.3438,442,650.459134615385,442
2.06,5,208,442,884,0.8833,0.0809,0.0358,0.9919,0.997622551794407,0.975278121137206,0.888268156424581,0.9937,0.997622551794407,0.997527812113721,0.888268156424581,458.4319,442,645.113720642769,442
2.07,5,208,442,884,0.8848,0.0792,0.036,0.9927,0.998417721518987,0.976010101010101,0.888888888888889,0.9941,0.998417721518987,0.993686868686869,0.888888888888889,459.434,442,662.126262626263,442
2.08,5,208,442,884,0.8927,0.0724,0.0349,0.9913,0.997759605690602,0.968232044198895,0.873925501432665,0.9932,0.997759605690602,0.994475138121547,0.873925501432665,457.9687,442,662.562154696133,442
2.09,5,208,442,884,0.8979,0.0699,0.0322,0.9917,0.998329435349148,0.974248927038627,0.84472049689441,0.9933,0.998329435349148,0.997138769670958,0.84472049689441,455.8186,442,639.690987124464,442
2.1,5,208,442,884,0.8937,0.0731,0.0332,0.9917,0.999328633769721,0.964432284541724,0.846385542168675,0.9941,0.999328633769721,0.997264021887825,0.846385542168675,457.4539,442,653.407660738714,442
2.11,5,208,442,884,0.8968,0.0703,0.0329,0.9932,0.997881355932203,0.972972972972973,0.908814589665654,0.9949,0.997881355932203,0.997155049786629,0.908814589665654,455.7111,442,637.036984352774,442
2.12,5,208,442,884,0.9008,0.0668,0.0324,0.9922,0.997890763765542,0.970059880239521,0.87962962962963,0.9939,0.997890763765542,0.995508982035928,0.87962962962963,455.0138,442,636.817365269461,442
2.13,5,208,442,884,0.9034,0.0689,0.0277,0.9948,0.999225149435466,0.975326560232221,0.898916967509025,0.9965,0.999225149435466,1,0.898916967509025,456.5865,442,653.705370101596,442
2.14,5,208,442,884,0.9084,0.0666,0.025,0.9944,0.999009247027741,0.977477477477477,0.872,0.9959,0.999009247027741,1,0.872,455.7218,442,648.033033033033,442
2.15,5,208,442,884,0.9057,0.0655,0.0288,0.994,0.998233410621619,0.972519083969466,0.909722222222222,0.9958,0.998233410621619,1,0.909722222222222,454.8824,442,638.67786259542,442
2.16,5,208,442,884,0.9087,0.0653,0.026,0.996,0.998899526796522,0.977029096477795,0.942307692307692,0.9972,0.998899526796522,0.995405819295559,0.942307692307692,455.669,442,651.326186830015,442
2.17,5,208,442,884,0.9133,0.061,0.0257,0.9944,0.99781013905617,0.986885245901639,0.891050583657588,0.9952,0.99781013905617,1,0.891050583657588,454.3445,442,644.368852459016,442
2.18,5,208,442,884,0.9148,0.0605,0.0247,0.9952,0.9991254919108,0.983471074380165,0.878542510121457,0.996,0.9991254919108,0.996694214876033,0.878542510121457,453.8719,442,638.229752066116,442
2.19,5,208,442,884,0.9147,0.0615,0.0238,0.9955,0.998797419919099,0.977235772357724,0.915966386554622,0.9969,0.998797419919099,1,0.915966386554622,454.9614,442,652.754471544715,442
2.2,5,208,442,884,0.9124,0.061,0.0266,0.9941,0.998903989478299,0.968852459016393,0.887218045112782,0.9958,0.998903989478299,0.99672131147541,0.887218045112782,454.3091,442,643.788524590164,442
2.21,5,208,442,884,0.9257,0.0521,0.0222,0.9965,0.999135789132548,0.988483685220729,0.905405405405405,0.9971,0.999135789132548,1,0.905405405405405,452.3522,442,640.698656429942,442
2.22,5,208,442,884,0.9177,0.059,0.0233,0.9956,0.999128255421162,0.983050847457627,0.888412017167382,0.9966,0.999128255421162,1,0.888412017167382,454.3965,442,652.110169491525,442
2.23,5,208,442,884,0.9237,0.0526,0.0237,0.997,0.999350438454043,0.990494296577947,0.919831223628692,0.9975,0.999350438454043,1,0.919831223628692,453.024,442,651.58174904943,442
2.24,5,208,442,884,0.9256,0.0527,0.0217,0.9974,0.999459809853068,0.992409867172676,0.921658986175115,0.9978,0.999459809853068,1,0.921658986175115,452.7585,442,646.146110056926,442
2.25,5,208,442,884,0.9277,0.0523,0.02,0.9973,0.999353239193705,0.980879541108987,0.945,0.9982,0.999353239193705,0.998087954110899,0.945,453.1911,442,655.97896749522,442
2.26,5,208,442,884,0.9292,0.0531,0.0177,0.9976,0.999139044339217,0.986817325800377,0.949152542372881,0.998,0.999139044339217,0.994350282485876,0.949152542372881,452.9685,442,648.563088512241,442
2.27,5,208,442,884,0.9329,0.0497,0.0174,0.9972,0.998928073748526,0.989939637826962,0.925287356321839,0.9976,0.998928073748526,0.997987927565392,0.925287356321839,452.2616,442,648.470824949698,442
2.28,5,208,442,884,0.9321,0.0491,0.0188,0.9974,0.999463576869435,0.981670061099796,0.936170212765957,0.9981,0.999463576869435,0.995926680244399,0.936170212765957,451.0117,442,625.537678207739,442
2.29,5,208,442,884,0.9385,0.0453,0.0162,0.9981,0.999893446989877,0.984547461368653,0.932098765432099,0.9988,0.999893446989877,1,0.932098765432099,450.7892,442,636.022075055188,442
2.3,5,208,442,884,0.9398,0.0449,0.0153,0.997,0.999148755054267,0.982182628062361,0.908496732026144,0.9977,0.999148755054267,0.997772828507795,0.908496732026144,451.291,442,648.926503340757,442
2.31,5,208,442,884,0.9406,0.0443,0.0151,0.9978,0.999681054645971,0.977426636568849,0.940397350993378,0.9988,0.999681054645971,1,0.940397350993378,451.1139,442,647.731376975169,442
2.32,5,208,442,884,0.9386,0.0451,0.0163,0.998,0.999573833368847,0.984478935698448,0.94478527607362,0.9987,0.999573833368847,1,0.94478527607362,451.218,442,646.390243902439,442
2.33,5,208,442,884,0.9453,0.042,0.0127,0.9983,0.999682640431609,0.985714285714286,0.937007874015748,0.9988,0.999682640431609,0.997619047619048,0.937007874015748,450.5004,442,644.390476190476,442
2.34,5,208,442,884,0.9482,0.0382,0.0136,0.9977,0.999578148070027,0.986910994764398,0.897058823529412,0.9982,0.999578148070027,1,0.897058823529412,449.454,442,637.130890052356,442
2.35,5,208,442,884,0.9453,0.0415,0.0132,0.9991,0.999788426954406,0.995180722891566,0.962121212121212,0.9992,0.999788426954406,0.997590361445783,0.962121212121212,450.2788,442,641.489156626506,442
2.36,5,208,442,884,0.9455,0.0392,0.0153,0.9987,0.999788471708091,0.99234693877551,0.947712418300654,0.999,0.999788471708091,1,0.947712418300654,449.6996,442,638.418367346939,442
2.37,5,208,442,884,0.9476,0.0392,0.0132,0.9989,0.999788940481216,0.994897959183674,0.946969696969697,0.9991,0.999788940481216,1,0.946969696969697,449.9481,442,644.757653061224,442
2.38,5,208,442,884,0.9499,0.0368,0.0133,0.9988,0.999789451521213,0.986413043478261,0.962406015037594,0.9993,0.999789451521213,1,0.962406015037594,449.0954,442,634.809782608696,442
2.39,5,208,442,884,0.9564,0.0313,0.0123,0.999,0.999895441237976,0.990415335463259,0.951219512195122,0.9993,0.999895441237976,1,0.951219512195122,448.1637,442,638.923322683706,442
2.4,5,208,442,884,0.9516,0.0359,0.0125,0.999,0.99978982765868,0.994428969359331,0.952,0.9992,0.99978982765868,1,0.952,449.256,442,644.116991643454,442
2.41,5,208,442,884,0.9558,0.0335,0.0107,0.9992,1,0.991044776119403,0.953271028037383,0.9995,1,1,0.953271028037383,448.3446,442,631.391044776119,442
2.42,5,208,442,884,0.9548,0.0337,0.0115,0.9988,0.999790532048597,0.991097922848665,0.939130434782609,0.9991,0.999790532048597,1,0.939130434782609,448.9254,442,647.501483679525,442
2.43,5,208,442,884,0.9583,0.032,0.0097,0.9988,0.999686945632892,0.990625,0.938144329896907,0.9991,0.999686945632892,1,0.938144329896907,448.1541,442,634.315625,442
2.44,5,208,442,884,0.9595,0.0325,0.008,0.9993,0.999895779051589,0.990769230769231,0.9625,0.9996,0.999895779051589,1,0.9625,449.0295,442,658.292307692308,442
2.45,5,208,442,884,0.9649,0.0277,0.0074,0.9995,0.999896362317339,0.992779783393502,0.972972972972973,0.9997,0.999896362317339,1,0.972972972972973,447.2375,442,631.079422382672,442
2.46,5,208,442,884,0.9607,0.0298,0.0095,0.9992,0.999895909232851,0.986577181208054,0.968421052631579,0.9996,0.999895909232851,1,0.968421052631579,447.8274,442,637.55033557047,442
2.47,5,208,442,884,0.9651,0.0272,0.0077,0.9991,1,0.992647058823529,0.909090909090909,0.9993,1,1,0.909090909090909,446.8925,442,621.871323529412,442
2.48,5,208,442,884,0.9628,0.0278,0.0094,0.9996,1,1,0.957446808510638,0.9996,1,1,0.957446808510638,447.5676,442,642.273381294964,442
2.49,5,208,442,884,0.9671,0.0241,0.0088,0.9995,1,0.995850622406639,0.954545454545455,0.9996,1,1,0.954545454545455,446.8805,442,644.510373443983,442
2.5,5,208,442,884,0.966,0.0261,0.0079,0.9993,0.999896480331263,0.992337164750958,0.949367088607595,0.9995,0.999896480331263,1,0.949367088607595,447.1224,442,638.260536398467,442
1,7.5,208,442,884,0.2086,0.2052,0.5862,0.2849,0.675934803451582,0.377680311890838,0.113271920846128,0.3234,0.675934803451582,0.565302144249513,0.113271920846128,495.6573,442,703.487816764133,442
1.01,7.5,208,442,884,0.2153,0.2059,0.5788,0.2944,0.677194612169066,0.397765905779505,0.115238424326192,0.3241,0.677194612169066,0.542010684798446,0.115238424326192,495.921,442,703.879553181156,442
1.02,7.5,208,442,884,0.2146,0.2079,0.5775,0.29,0.671015843429636,0.367003367003367,0.120692640692641,0.3259,0.671015843429636,0.53968253968254,0.120692640692641,496.5669,442,704.467051467051,442
1.03,7.5,208,442,884,0.2218,0.208,0.5702,0.3012,0.689359783588819,0.384615384615385,0.119782532444756,0.3345,0.689359783588819,0.544711538461538,0.119782532444756,497.7968,442,710.253846153846,442
1.04,7.5,208,442,884,0.2264,0.2058,0.5678,0.2982,0.692579505300353,0.377551020408163,0.11218738992603,0.3328,0.692579505300353,0.545675413022352,0.11218738992603,495.843,442,703.627793974733,442
1.05,7.5,208,442,884,0.2275,0.2126,0.5599,0.3139,0.683076923076923,0.407808090310442,0.128237185211645,0.3447,0.683076923076923,0.552681091251176,0.128237185211645,496.4766,442,698.239887111947,442
1.06,7.5,208,442,884,0.2272,0.2079,0.5649,0.3148,0.693661971830986,0.405002405002405,0.129226411754293,0.3504,0.693661971830986,0.576238576238576,0.129226411754293,495.9009,442,701.263588263588,442
1.07,7.5,208,442,884,0.2335,0.2096,0.5569,0.3165,0.710492505353319,0.384064885496183,0.125875381576585,0.3529,0.710492505353319,0.557729007633588,0.125875381576585,495.4043,442,696.791507633588,442
1.08,7.5,208,442,884,0.2386,0.2115,0.5499,0.3265,0.708717518860017,0.410401891252955,0.128386979450809,0.359,0.708717518860017,0.564066193853428,0.128386979450809,497.1577,442,702.792907801418,442
1.09,7.5,208,442,884,0.2435,0.213,0.5435,0.3394,0.704722792607803,0.433802816901408,0.138730450781969,0.3744,0.704722792607803,0.5981220657277,0.138730450781969,496.6629,442,698.633333333333,442
1.1,7.5,208,442,884,0.2448,0.212,0.5432,0.3423,0.718137254901961,0.433962264150943,0.137150220913108,0.3767,0.718137254901961,0.59622641509434,0.137150220913108,496.8649,442,700.796698113208,442
1.11,7.5,208,442,884,0.2468,0.2174,0.5358,0.3401,0.717179902755267,0.419503219871205,0.134191862635312,0.3744,0.717179902755267,0.577276908923643,0.134191862635312,498.1046,442,700.070837166513,442
1.12,7.5,208,442,884,0.2469,0.2203,0.5328,0.3521,0.721344673957068,0.440308669995461,0.14451951951952,0.389,0.721344673957068,0.607807535179301,0.14451951951952,499.1786,442,701.548797094871,442
1.13,7.5,208,442,884,0.2484,0.2112,0.5404,0.3511,0.731481481481482,0.434185606060606,0.143782383419689,0.3867,0.731481481481482,0.602746212121212,0.143782383419689,496.0669,442,697.998579545455,442
1.14,7.5,208,442,884,0.249,0.2126,0.5384,0.353,0.739759036144578,0.431326434619003,0.143202080237741,0.3912,0.739759036144578,0.611006585136406,0.143202080237741,497.4454,442,702.796801505174,442
1.15,7.5,208,442,884,0.2608,0.2168,0.5224,0.3576,0.716257668711656,0.426660516605166,0.149885145482389,0.3957,0.716257668711656,0.60239852398524,0.149885145482389,497.7792,442,699.284132841328,442
1.16,7.5,208,442,884,0.2578,0.2201,0.5221,0.376,0.752909231962762,0.460245343025897,0.154376556215284,0.4138,0.752909231962762,0.631985461154021,0.154376556215284,498.1273,442,697.008178100863,442
1.17,7.5,208,442,884,0.2639,0.2084,0.5277,0.3707,0.739674118984464,0.433781190019194,0.161265870759901,0.4113,0.739674118984464,0.628598848368522,0.161265870759901,495.6733,442,699.549424184261,442
1.18,7.5,208,442,884,0.2635,0.2195,0.517,0.3715,0.733965844402277,0.450569476082005,0.153191489361702,0.4119,0.733965844402277,0.634624145785877,0.153191489361702,499.4806,442,703.870615034169,442
1.19,7.5,208,442,884,0.2717,0.2201,0.5082,0.3844,0.750092013249908,0.455247614720582,0.158205430932704,0.424,0.750092013249908,0.635165833711949,0.158205430932704,498.9814,442,700.888686960473,442
1.2,7.5,208,442,884,0.2738,0.2164,0.5098,0.3905,0.74981738495252,0.455175600739372,0.170066692820714,0.4321,0.74981738495252,0.647412199630314,0.170066692820714,497.4274,442,698.134011090573,442
1.21,7.5,208,442,884,0.2752,0.2203,0.5045,0.3983,0.751453488372093,0.472991375397186,0.173042616451933,0.4381,0.751453488372093,0.653654108034498,0.173042616451933,497.5755,442,694.271901951884,442
1.22,7.5,208,442,884,0.2769,0.2304,0.4927,0.3987,0.74720115565186,0.466145833333333,0.171300994519992,0.4434,0.74720115565186,0.66015625,0.171300994519992,501.3756,442,699.706597222222,442
1.23,7.5,208,442,884,0.2761,0.2258,0.4981,0.3967,0.762042738138356,0.467227635075288,0.16221642240514,0.4399,0.762042738138356,0.658547387068202,0.16221642240514,498.0537,442,690.244906997343,442
1.24,7.5,208,442,884,0.2875,0.2194,0.4931,0.407,0.766260869565217,0.464448495897903,0.171973230582032,0.4503,0.766260869565217,0.661804922515953,0.171973230582032,497.5263,442,695.082497721057,442
1.25,7.5,208,442,884,0.2894,0.2224,0.4882,0.4169,0.762612301313061,0.486061151079137,0.180458828349037,0.4577,0.762612301313061,0.669514388489209,0.180458828349037,498.1793,442,694.60476618705,442
1.26,7.5,208,442,884,0.2941,0.2265,0.4794,0.4178,0.758925535532132,0.488300220750552,0.175219023779725,0.4592,0.758925535532132,0.671081677704194,0.175219023779725,500.1589,442,698.772185430464,442
1.27,7.5,208,442,884,0.2965,0.2223,0.4812,0.4219,0.769983136593592,0.491677912730544,0.175187032418953,0.4658,0.769983136593592,0.689158794421952,0.175187032418953,498.2883,442,695.208726945569,442
1.28,7.5,208,442,884,0.3069,0.2171,0.476,0.4335,0.783642880417074,0.487333026255182,0.183193277310924,0.4795,0.783642880417074,0.699216950713957,0.183193277310924,497.2428,442,696.457853523722,442
1.29,7.5,208,442,884,0.2974,0.2296,0.473,0.4373,0.775050437121722,0.503919860627178,0.192600422832981,0.4798,0.775050437121722,0.689024390243902,0.192600422832981,500.5256,442,696.90243902439,442
1.3,7.5,208,442,884,0.3021,0.2208,0.4771,0.4403,0.792452830188679,0.49320652173913,0.192831691469294,0.4843,0.792452830188679,0.692481884057971,0.192831691469294,497.1502,442,691.774456521739,442
1.31,7.5,208,442,884,0.3095,0.2265,0.464,0.4533,0.798061389337641,0.501103752759382,0.2,0.4992,0.798061389337641,0.703752759381898,0.2,499.5247,442,695.972185430464,442
1.32,7.5,208,442,884,0.3138,0.2271,0.4591,0.4532,0.792861695347355,0.516072214883311,0.189936832934001,0.4992,0.792861695347355,0.718626155878468,0.189936832934001,499.2757,442,694.204755614267,442
1.33,7.5,208,442,884,0.3235,0.2216,0.4549,0.4622,0.790108191653787,0.507671480144404,0.206858650252803,0.5072,0.790108191653787,0.710740072202166,0.206858650252803,498.3624,442,696.342960288809,442
1.34,7.5,208,442,884,0.3195,0.2228,0.4577,0.4628,0.796244131455399,0.508078994614004,0.207996504260433,0.507,0.796244131455399,0.706463195691203,0.207996504260433,498.5939,442,696.012118491921,442
1.35,7.5,208,442,884,0.3192,0.2281,0.4527,0.4711,0.804511278195489,0.530030688294608,0.20631764965761,0.515,0.804511278195489,0.722490135905305,0.20631764965761,499.1998,442,692.766330556773,442
1.36,7.5,208,442,884,0.3229,0.2274,0.4497,0.4849,0.82223598637349,0.538258575197889,0.215699355125639,0.5308,0.82223598637349,0.740105540897098,0.215699355125639,499.0843,442,693.030343007916,442
1.37,7.5,208,442,884,0.3301,0.2307,0.4392,0.485,0.812178127840049,0.540962288686606,0.209699453551913,0.53,0.812178127840049,0.736020806241873,0.209699453551913,499.9967,442,693.394451668834,442
1.38,7.5,208,442,884,0.3287,0.2329,0.4384,0.4787,0.799817462731974,0.528553027050236,0.211450729927007,0.5265,0.799817462731974,0.733791326749678,0.211450729927007,500.975,442,695.220266208673,442
1.39,7.5,208,442,884,0.3382,0.2253,0.4365,0.4994,0.818450620934358,0.553040390590324,0.224513172966781,0.5438,0.818450620934358,0.750110963160231,0.224513172966781,498.5991,442,693.216600088771,442
1.4,7.5,208,442,884,0.3361,0.2404,0.4235,0.5036,0.82237429336507,0.552828618968386,0.222668240850059,0.5523,0.82237429336507,0.75540765391015,0.222668240850059,502.2209,442,692.502911813644,442
1.41,7.5,208,442,884,0.3503,0.2286,0.4211,0.5075,0.816157579217813,0.541557305336833,0.2322488720019,0.5554,0.816157579217813,0.751093613298338,0.2322488720019,500.036,442,695.875765529309,442
1.42,7.5,208,442,884,0.3442,0.232,0.4238,0.5108,0.826844857640906,0.545258620689655,0.235252477583766,0.5584,0.826844857640906,0.750431034482759,0.235252477583766,501.8949,442,700.167672413793,442
1.43,7.5,208,442,884,0.3437,0.2361,0.4202,0.5253,0.834448647075938,0.575603557814485,0.244169443122323,0.5676,0.834448647075938,0.754764930114358,0.244169443122323,501.4619,442,693.850487081745,442
1.44,7.5,208,442,884,0.3354,0.2373,0.4273,0.5124,0.835122242098986,0.56047197640118,0.23238942195179,0.56,0.835122242098986,0.761061946902655,0.23238942195179,501.7561,442,693.816687737042,442
1.45,7.5,208,442,884,0.3505,0.2303,0.4192,0.5208,0.827389443651926,0.564915327833261,0.240219465648855,0.5644,0.827389443651926,0.754233608336952,0.240219465648855,498.4994,442,687.329570125923,442
1.46,7.5,208,442,884,0.362,0.2296,0.4084,0.5267,0.826795580110497,0.559233449477352,0.242409402546523,0.5748,0.826795580110497,0.768728222996516,0.242409402546523,499.5521,442,692.662456445993,442
1.47,7.5,208,442,884,0.3616,0.236,0.4024,0.5334,0.834070796460177,0.574152542372881,0.239314115308151,0.5807,0.834070796460177,0.774576271186441,0.239314115308151,500.4517,442,689.676694915254,442
1.48,7.5,208,442,884,0.3613,0.2293,0.4094,0.5376,0.839468585662884,0.576537287396424,0.249389350268686,0.5846,0.839468585662884,0.781508940252944,0.249389350268686,500.2179,442,695.894025294374,442
1.49,7.5,208,442,884,0.3649,0.2377,0.3974,0.5518,0.843244724582077,0.59108119478334,0.260694514343231,0.5987,0.843244724582077,0.788388725283971,0.260694514343231,502.0921,442,694.806478754733,442
1.5,7.5,208,442,884,0.3766,0.2278,0.3956,0.5523,0.832182687201275,0.578577699736611,0.270728008088979,0.6013,0.832182687201275,0.793678665496049,0.270728008088979,500.3562,442,698.172958735733,442
1.51,7.5,208,442,884,0.3665,0.2372,0.3963,0.5535,0.833015006821282,0.58389544688027,0.276810497098158,0.6058,0.833015006821282,0.804384485666105,0.276810497098158,501.5011,442,692.847807757167,442
1.52,7.5,208,442,884,0.377,0.2364,0.3866,0.5673,0.847214854111406,0.598984771573604,0.274961200206932,0.6148,0.847214854111406,0.799915397631134,0.274961200206932,500.8623,442,690.994500846024,442
1.53,7.5,208,442,884,0.3809,0.235,0.3841,0.5631,0.84641638225256,0.588936170212766,0.266336891434522,0.6134,0.84641638225256,0.802978723404255,0.266336891434522,500.0359,442,688.961276595745,442
1.54,7.5,208,442,884,0.3855,0.2263,0.3882,0.5761,0.855512321660182,0.597878921785241,0.285935085007728,0.6236,0.855512321660182,0.80777728678745,0.285935085007728,498.656,442,692.357931948741,442
1.55,7.5,208,442,884,0.3862,0.2357,0.3781,0.575,0.852149145520456,0.588035638523547,0.283787357841841,0.6245,0.852149145520456,0.798048366567671,0.283787357841841,499.8215,442,687.318201103097,442
1.56,7.5,208,442,884,0.3943,0.2303,0.3754,0.5849,0.861526756276947,0.600521059487625,0.284762919552477,0.6342,0.861526756276947,0.814589665653495,0.284762919552477,499.802,442,692.98567086409,442
1.57,7.5,208,442,884,0.3976,0.2317,0.3707,0.586,0.864939637826962,0.605955977557186,0.274345832209334,0.6355,0.864939637826962,0.819594302977989,0.274345832209334,499.3564,442,689.545964609409,442
1.58,7.5,208,442,884,0.4015,0.2341,0.3644,0.5972,0.871980074719801,0.607432721059376,0.287870472008782,0.6455,0.871980074719801,0.813754805638616,0.287870472008782,500.3908,442,691.426740709099,442
1.59,7.5,208,442,884,0.4064,0.2264,0.3672,0.6046,0.872785433070866,0.621908127208481,0.297113289760349,0.6504,0.872785433070866,0.824204946996466,0.297113289760349,496.679,442,683.515017667845,442
1.6,7.5,208,442,884,0.4122,0.226,0.3618,0.611,0.877001455604076,0.624336283185841,0.299613045881703,0.6558,0.877001455604076,0.822566371681416,0.299613045881703,496.5827,442,683.516371681416,442
1.61,7.5,208,442,884,0.4139,0.2328,0.3533,0.6184,0.875573810099058,0.637457044673539,0.304557033682423,0.6631,0.875573810099058,0.82946735395189,0.304557033682423,499.0429,442,687.029639175258,442
1.62,7.5,208,442,884,0.4188,0.2352,0.346,0.6218,0.879178605539637,0.625850340136054,0.307514450867052,0.6697,0.879178605539637,0.829506802721088,0.307514450867052,498.8834,442,683.85119047619,442
1.63,7.5,208,442,884,0.4257,0.2314,0.3429,0.6217,0.878083157152925,0.623595505617977,0.302128900554097,0.6694,0.878083157152925,0.829732065687122,0.302128900554097,499.6913,442,691.314174589455,442
1.64,7.5,208,442,884,0.4302,0.2277,0.3421,0.6348,0.876801487680149,0.648221343873518,0.321543408360129,0.6794,0.876801487680149,0.84409310496267,0.321543408360129,498.1555,442,688.620553359684,442
1.65,7.5,208,442,884,0.4177,0.2325,0.3498,0.632,0.88077567632272,0.651612903225806,0.321898227558605,0.6769,0.88077567632272,0.844731182795699,0.321898227558605,497.7594,442,681.825376344086,442
1.66,7.5,208,442,884,0.4276,0.233,0.3394,0.6416,0.886576239476146,0.654077253218884,0.324395992928698,0.6854,0.886576239476146,0.84206008583691,0.324395992928698,500.1214,442,691.448068669528,442
1.67,7.5,208,442,884,0.4428,0.2281,0.3291,0.6547,0.893631436314363,0.649276633055677,0.336979641446369,0.6999,0.893631436314363,0.84743533537922,0.336979641446369,497.9439,442,687.260412099956,442
1.68,7.5,208,442,884,0.4388,0.234,0.3272,0.6533,0.894712853236099,0.658974358974359,0.325488997555012,0.6976,0.894712853236099,0.848290598290598,0.325488997555012,498.1482,442,681.949572649573,442
1.69,7.5,208,442,884,0.4462,0.2284,0.3254,0.6629,0.890407888839086,0.672504378283713,0.34419176398279,0.7043,0.890407888839086,0.853765323992995,0.34419176398279,497.6667,442,685.724605954466,442
1.7,7.5,208,442,884,0.4552,0.2296,0.3152,0.6634,0.889499121265378,0.66506968641115,0.335659898477157,0.7064,0.889499121265378,0.852351916376307,0.335659898477157,496.9298,442,681.241289198606,442
1.71,7.5,208,442,884,0.4373,0.2338,0.3289,0.6544,0.8925222959067,0.651411462788708,0.339920948616601,0.7011,0.8925222959067,0.851154833190761,0.339920948616601,499.3311,442,687.214285714286,442
1.72,7.5,208,442,884,0.4534,0.2309,0.3157,0.6657,0.889501543890604,0.676483326115201,0.336395312005068,0.7095,0.889501543890604,0.86617583369424,0.336395312005068,499.1993,442,689.723256821135,442
1.73,7.5,208,442,884,0.4476,0.242,0.3104,0.6731,0.90236818588025,0.672314049586777,0.343105670103093,0.72,0.90236818588025,0.866115702479339,0.343105670103093,501.8468,442,689.300826446281,442
1.74,7.5,208,442,884,0.4584,0.2334,0.3082,0.6857,0.909685863874346,0.676520994001714,0.3595068137573,0.7314,0.909685863874346,0.872322193658955,0.3595068137573,498.2796,442,683.129391602399,442
1.75,7.5,208,442,884,0.466,0.2302,0.3038,0.6877,0.903004291845494,0.67984361424848,0.363396971691903,0.7331,0.903004291845494,0.877063423110339,0.363396971691903,498.1841,442,686.066463944396,442
1.76,7.5,208,442,884,0.4761,0.2211,0.3028,0.6895,0.902961562696912,0.679782903663501,0.360964332892999,0.7325,0.902961562696912,0.874265038444143,0.360964332892999,494.2132,442,678.15196743555,442
1.77,7.5,208,442,884,0.4829,0.2294,0.2877,0.6995,0.909712155725823,0.68308631211857,0.359749739311783,0.7422,0.909712155725823,0.86922406277245,0.359749739311783,497.9595,442,685.938535309503,442
1.78,7.5,208,442,884,0.4766,0.2261,0.2973,0.6925,0.905371380612673,0.677576293675365,0.36259670366633,0.735,0.905371380612673,0.865546218487395,0.36259670366633,497.246,442,686.343210968598,442
1.79,7.5,208,442,884,0.4831,0.2262,0.2907,0.7038,0.913475470916994,0.690539345711759,0.365669074647403,0.7448,0.913475470916994,0.871794871794872,0.365669074647403,497.1503,442,685.812113174182,442
1.8,7.5,208,442,884,0.4833,0.2205,0.2962,0.7123,0.916408028139872,0.709750566893424,0.38116137744767,0.7523,0.916408028139872,0.891156462585034,0.38116137744767,495.3912,442,684.136961451247,442
1.81,7.5,208,442,884,0.4872,0.2326,0.2802,0.7148,0.915435139573071,0.700773860705073,0.377587437544611,0.7566,0.915435139573071,0.880481513327601,0.377587437544611,497.8647,442,682.174978503869,442
1.82,7.5,208,442,884,0.4942,0.2217,0.2841,0.7211,0.919668150546338,0.716734325665313,0.37909186906019,0.761,0.919668150546338,0.896707262065855,0.37909186906019,496.3091,442,686.966621560668,442
1.83,7.5,208,442,884,0.5007,0.2239,0.2754,0.7317,0.918514080287597,0.711478338543993,0.408496732026144,0.7715,0.918514080287597,0.889236266190264,0.408496732026144,496.7142,442,686.36891469406,442
1.84,7.5,208,442,884,0.4937,0.2296,0.2767,0.731,0.9232327324286,0.710801393728223,0.404770509577159,0.7739,0.9232327324286,0.897648083623693,0.404770509577159,497.4323,442,683.42987804878,442
1.85,7.5,208,442,884,0.5127,0.2153,0.272,0.7391,0.921591574019895,0.725034835113795,0.40625,0.7751,0.921591574019895,0.892243381328379,0.40625,493.9648,442,683.359962842545,442
1.86,7.5,208,442,884,0.5038,0.2217,0.2745,0.7345,0.926359666534339,0.711772665764547,0.400728597449909,0.7754,0.926359666534339,0.896256202074876,0.400728597449909,495.4124,442,682.921966621561,442
1.87,7.5,208,442,884,0.5128,0.2202,0.267,0.7412,0.919851794071763,0.727520435967302,0.40936329588015,0.7781,0.919851794071763,0.895095367847411,0.40936329588015,493.9602,442,677.968210717529,442
1.88,7.5,208,442,884,0.5106,0.2248,0.2646,0.7516,0.930473952213083,0.731761565836299,0.423280423280423,0.7907,0.930473952213083,0.905693950177936,0.423280423280423,497.4718,442,688.760676156584,442
1.89,7.5,208,442,884,0.5225,0.216,0.2615,0.7583,0.929952153110048,0.761574074074074,0.412619502868069,0.7901,0.929952153110048,0.908796296296296,0.412619502868069,492.2162,442,674.482407407407,442
1.9,7.5,208,442,884,0.5205,0.2139,0.2656,0.7592,0.933333333333333,0.748948106591865,0.426204819277108,0.7937,0.933333333333333,0.910238429172511,0.426204819277108,493.8518,442,684.411407199626,442
1.91,7.5,208,442,884,0.536,0.2148,0.2492,0.7649,0.932835820895522,0.733240223463687,0.430979133226324,0.8032,0.932835820895522,0.911545623836127,0.430979133226324,493.9554,442,683.878026070764,442
1.92,7.5,208,442,884,0.536,0.2132,0.2508,0.7596,0.923694029850746,0.74108818011257,0.424641148325359,0.7957,0.923694029850746,0.910412757973734,0.424641148325359,493.2742,442,682.498123827392,442
1.93,7.5,208,442,884,0.5277,0.2201,0.2522,0.765,0.935000947508054,0.746478873239437,0.425455987311657,0.802,0.935000947508054,0.914584279872785,0.425455987311657,493.1787,442,674.524761472058,442
1.94,7.5,208,442,884,0.5322,0.2191,0.2487,0.7742,0.937241638481774,0.756275673208581,0.441093687173301,0.8112,0.937241638481774,0.925148334094021,0.441093687173301,493.9262,442,678.997717937015,442
1.95,7.5,208,442,884,0.5373,0.2175,0.2452,0.7769,0.938954029406291,0.750344827586207,0.445350734094617,0.8139,0.938954029406291,0.920459770114943,0.445350734094617,494.9206,442,685.313103448276,442
1.96,7.5,208,442,884,0.5494,0.2112,0.2394,0.7791,0.935930105569712,0.764204545454545,0.432330827067669,0.8097,0.935930105569712,0.909090909090909,0.432330827067669,491.518,442,676.460227272727,442
1.97,7.5,208,442,884,0.5461,0.2145,0.2394,0.7906,0.939937740340597,0.773892773892774,0.464912280701754,0.822,0.939937740340597,0.92027972027972,0.464912280701754,492.6392,442,678.080186480187,442
1.98,7.5,208,442,884,0.5594,0.2046,0.236,0.7898,0.939935645334287,0.752688172043011,0.466101694915254,0.8223,0.939935645334287,0.911534701857282,0.466101694915254,490.0648,442,676.920821114369,442
1.99,7.5,208,442,884,0.5584,0.2134,0.2282,0.7936,0.940723495702006,0.759137769447048,0.465819456617003,0.8278,0.940723495702006,0.919400187441425,0.465819456617003,492.661,442,679.399250234302,442
2,7.5,208,442,884,0.5662,0.2117,0.2221,0.7978,0.939420699399505,0.770902220122815,0.462404322377307,0.8297,0.939420699399505,0.921587151629665,0.462404322377307,491.9694,442,678.038734057629,442
2.01,7.5,208,442,884,0.5618,0.2121,0.2261,0.8027,0.9499822000712,0.758604431871759,0.478107032286599,0.8362,0.9499822000712,0.916548797736917,0.478107032286599,492.2548,442,678.939179632249,442
2.02,7.5,208,442,884,0.573,0.2048,0.2222,0.8099,0.947993019197208,0.7841796875,0.477497749774977,0.84,0.947993019197208,0.93115234375,0.477497749774977,489.103,442,671.9951171875,442
2.03,7.5,208,442,884,0.572,0.2066,0.2214,0.8092,0.95034965034965,0.774927395934172,0.476513098464318,0.8407,0.95034965034965,0.927395934172314,0.476513098464318,490.9448,442,678.906098741529,442
2.04,7.5,208,442,884,0.5847,0.2012,0.2141,0.8108,0.952796305797845,0.761431411530815,0.469406819243344,0.8437,0.952796305797845,0.924950298210736,0.469406819243344,489.551,442,678.336978131213,442
2.05,7.5,208,442,884,0.5782,0.2066,0.2152,0.8129,0.945347630577655,0.778799612778316,0.489776951672862,0.8449,0.945347630577655,0.933688286544046,0.489776951672862,490.7555,442,677.989835430784,442
2.06,7.5,208,442,884,0.5849,0.2023,0.2128,0.8202,0.95315438536502,0.781018289668809,0.492011278195489,0.8486,0.95315438536502,0.921403855659911,0.492011278195489,489.5996,442,677.292140385566,442
2.07,7.5,208,442,884,0.5892,0.1976,0.2132,0.8187,0.94857433808554,0.779858299595142,0.49577861163227,0.8485,0.94857433808554,0.930668016194332,0.49577861163227,490.0019,442,684.9245951417,442
2.08,7.5,208,442,884,0.5829,0.2096,0.2075,0.8206,0.948533196088523,0.781011450381679,0.501204819277108,0.8517,0.948533196088523,0.929389312977099,0.501204819277108,492.3163,442,682.058683206107,442
2.09,7.5,208,442,884,0.5951,0.2004,0.2045,0.8338,0.953957318097799,0.807385229540918,0.510024449877751,0.8613,0.953957318097799,0.944610778443114,0.510024449877751,489.6369,442,679.709081836327,442
2.1,7.5,208,442,884,0.5984,0.2032,0.1984,0.8347,0.954044117647059,0.789862204724409,0.520665322580645,0.8662,0.954044117647059,0.94488188976378,0.520665322580645,491.0722,442,683.497047244094,442
2.11,7.5,208,442,884,0.6024,0.199,0.1986,0.8363,0.956673306772908,0.792462311557789,0.515105740181269,0.8658,0.956673306772908,0.94070351758794,0.515105740181269,489.9189,442,682.798492462312,442
2.12,7.5,208,442,884,0.6,0.198,0.202,0.8379,0.9605,0.804545454545455,0.506435643564356,0.865,0.9605,0.941414141414141,0.506435643564356,489.0808,442,679.781818181818,442
2.13,7.5,208,442,884,0.6003,0.2082,0.1915,0.8427,0.958520739630185,0.801152737752161,0.524804177545692,0.8737,0.958520739630185,0.950048030739673,0.524804177545692,490.0197,442,672.642170989433,442
2.14,7.5,208,442,884,0.6083,0.2012,0.1905,0.8515,0.958737465066579,0.828528827037773,0.533333333333333,0.8747,0.958737465066579,0.943836978131213,0.533333333333333,488.1636,442,671.441351888668,442
2.15,7.5,208,442,884,0.6219,0.1928,0.1853,0.854,0.957549445248432,0.822095435684647,0.539665407447383,0.8791,0.957549445248432,0.952282157676348,0.539665407447383,485.8779,442,669.582468879668,442
2.16,7.5,208,442,884,0.6179,0.1918,0.1903,0.8512,0.960511409613206,0.824817518248175,0.522858644245927,0.8755,0.960511409613206,0.951511991657977,0.522858644245927,484.8231,442,665.269551616267,442
2.17,7.5,208,442,884,0.6275,0.1923,0.1802,0.8575,0.963665338645418,0.806552262090484,0.542175360710322,0.883,0.963665338645418,0.939157566302652,0.542175360710322,486.4754,442,673.28133125325,442
2.18,7.5,208,442,884,0.6266,0.1904,0.183,0.8654,0.967602936482605,0.832983193277311,0.549180327868853,0.8883,0.967602936482605,0.953256302521008,0.549180327868853,485.7449,442,671.75262605042,442
2.19,7.5,208,442,884,0.6351,0.1898,0.1751,0.8661,0.966461974492206,0.831928345626976,0.53912050256996,0.8901,0.966461974492206,0.958377239199157,0.53912050256996,485.4907,442,671.139620653319,442
2.2,7.5,208,442,884,0.6392,0.1884,0.1724,0.8665,0.964956195244055,0.819532908704883,0.552784222737819,0.893,0.964956195244055,0.960191082802548,0.552784222737819,485.7074,442,673.992569002123,442
2.21,7.5,208,442,884,0.6436,0.1862,0.1702,0.8661,0.964574269732753,0.816326530612245,0.548178613396005,0.892,0.964574269732753,0.955424274973147,0.548178613396005,485.1431,442,673.703007518797,442
2.22,7.5,208,442,884,0.644,0.1831,0.1729,0.8776,0.966770186335404,0.848716548334244,0.576055523423945,0.8981,0.966770186335404,0.960677225559803,0.576055523423945,484.8777,442,676.176406335336,442
2.23,7.5,208,442,884,0.6469,0.1855,0.1676,0.8793,0.972947905394961,0.838274932614555,0.563245823389022,0.9006,0.972947905394961,0.953099730458221,0.563245823389022,483.8782,442,667.758490566038,442
2.24,7.5,208,442,884,0.6502,0.1834,0.1664,0.8747,0.969855429098739,0.823336968375136,0.559495192307692,0.8993,0.969855429098739,0.957470010905125,0.559495192307692,484.5395,442,673.949291166848,442
2.25,7.5,208,442,884,0.6494,0.185,0.1656,0.8821,0.967354481059439,0.843783783783784,0.590579710144927,0.9045,0.967354481059439,0.964864864864865,0.590579710144927,483.8374,442,668.148108108108,442
2.26,7.5,208,442,884,0.6589,0.1821,0.159,0.8849,0.969949916527546,0.838001098297639,0.586163522012579,0.907,0.969949916527546,0.959362987369577,0.586163522012579,484.2512,442,674.021965952773,442
2.27,7.5,208,442,884,0.6605,0.1846,0.1549,0.8854,0.969114307342922,0.848320693391116,0.572627501613944,0.9056,0.969114307342922,0.957746478873239,0.572627501613944,484.1585,442,670.377573131094,442
2.28,7.5,208,442,884,0.6685,0.1729,0.1586,0.8905,0.971428571428571,0.864083285135917,0.578184110970996,0.9087,0.971428571428571,0.969346443030654,0.578184110970996,481.9377,442,672.987275882013,442
2.29,7.5,208,442,884,0.663,0.1798,0.1572,0.8916,0.970437405731523,0.855394883203559,0.600508905852417,0.9107,0.970437405731523,0.961624026696329,0.600508905852417,482.7372,442,668.569521690767,442
2.3,7.5,208,442,884,0.6749,0.1748,0.1503,0.8909,0.973773892428508,0.83695652173913,0.581503659347971,0.9127,0.973773892428508,0.961670480549199,0.581503659347971,482.2197,442,672.089816933638,442
2.31,7.5,208,442,884,0.6612,0.1856,0.1532,0.8921,0.972928009679371,0.859375,0.58289817232376,0.9118,0.972928009679371,0.96551724137931,0.58289817232376,483.1798,442,663.873922413793,442
2.32,7.5,208,442,884,0.6743,0.1806,0.1451,0.8993,0.974047160017796,0.849390919158361,0.614059269469332,0.9211,0.974047160017796,0.970099667774086,0.614059269469332,484.0735,442,674.96511627907,442
2.33,7.5,208,442,884,0.6808,0.172,0.1472,0.9026,0.974882491186839,0.85,0.629755434782609,0.9228,0.974882491186839,0.967441860465116,0.629755434782609,481.2498,442,670.196511627907,442
2.34,7.5,208,442,884,0.6825,0.1748,0.1427,0.9022,0.976263736263736,0.852974828375286,0.608269096005606,0.9226,0.976263736263736,0.969679633867277,0.608269096005606,482.2919,442,672.502860411899,442
2.35,7.5,208,442,884,0.6958,0.1596,0.1446,0.9099,0.977867203219316,0.854010025062657,0.644536652835408,0.9279,0.977867203219316,0.966791979949875,0.644536652835408,478.291,442,669.387218045113,442
2.36,7.5,208,442,884,0.6985,0.1634,0.1381,0.9104,0.978811739441661,0.870257037943696,0.611875452570601,0.925,0.978811739441661,0.959608323133415,0.611875452570601,478.2678,442,663.957160342717,442
2.37,7.5,208,442,884,0.6948,0.1705,0.1347,0.9143,0.979994242947611,0.872727272727273,0.628062360801782,0.9305,0.979994242947611,0.967741935483871,0.628062360801782,480.6,442,668.392961876833,442
2.38,7.5,208,442,884,0.7047,0.1655,0.1298,0.9119,0.975024833262381,0.869486404833837,0.62326656394453,0.9289,0.975024833262381,0.972205438066465,0.62326656394453,479.8428,442,670.657401812689,442
2.39,7.5,208,442,884,0.6981,0.1706,0.1313,0.9158,0.977653631284916,0.873974208675264,0.641279512566641,0.9321,0.977653631284916,0.969519343493552,0.641279512566641,480.5847,442,668.170574443142,442
2.4,7.5,208,442,884,0.7045,0.1674,0.1281,0.9207,0.980269694819021,0.869175627240143,0.660421545667447,0.9378,0.980269694819021,0.971326164874552,0.660421545667447,478.8845,442,662.337514934289,442
2.41,7.5,208,442,884,0.7113,0.1634,0.1253,0.9198,0.979755377477857,0.876376988984088,0.636073423782921,0.9356,0.979755377477857,0.973072215422277,0.636073423782921,478.7953,442,667.185434516524,442
2.42,7.5,208,442,884,0.7164,0.1612,0.1224,0.922,0.977805695142379,0.883374689826303,0.64624183006536,0.9357,0.977805695142379,0.968362282878412,0.64624183006536,478.4034,442,667.827543424318,442
2.43,7.5,208,442,884,0.721,0.1514,0.1276,0.924,0.982246879334258,0.890356671070013,0.634796238244514,0.9377,0.982246879334258,0.980845442536328,0.634796238244514,477.1089,442,673.894980184941,442
2.44,7.5,208,442,884,0.7126,0.1649,0.1225,0.9216,0.982879595846197,0.881746513038205,0.618775510204082,0.9368,0.982879595846197,0.973923590054579,0.618775510204082,478.7643,442,664.949060036386,442
2.45,7.5,208,442,884,0.7252,0.1565,0.1183,0.9268,0.980970766685052,0.882428115015974,0.653423499577346,0.9418,0.980970766685052,0.978274760383387,0.653423499577346,476.8454,442,664.654313099042,442
2.46,7.5,208,442,884,0.7237,0.1605,0.1158,0.9313,0.983418543595412,0.883489096573209,0.671848013816926,0.9454,0.983418543595412,0.971339563862928,0.671848013816926,477.9535,442,666.009345794393,442
2.47,7.5,208,442,884,0.7278,0.1543,0.1179,0.9348,0.984611156911239,0.896305897602074,0.677692960135708,0.9465,0.984611156911239,0.972132209980557,0.677692960135708,476.538,442,665.836681788723,442
2.48,7.5,208,442,884,0.7306,0.1591,0.1103,0.9366,0.984122638926909,0.891263356379635,0.687216681776972,0.9506,0.984122638926909,0.979258328095537,0.687216681776972,478.293,442,670.114393463231,442
2.49,7.5,208,442,884,0.7284,0.158,0.1136,0.9369,0.984898407468424,0.891772151898734,0.691901408450704,0.9495,0.984898407468424,0.971518987341772,0.691901408450704,476.7279,442,661.796835443038,442
2.5,7.5,208,442,884,0.7349,0.1549,0.1102,0.9393,0.98516805007484,0.881859264041317,0.714156079854809,0.9545,0.98516805007484,0.979987088444157,0.714156079854809,477.0093,442,668.01226597805,442
1,10,208,442,884,0.1504,0.1768,0.6728,0.1845,0.589095744680851,0.285067873303167,0.067627824019025,0.204,0.589095744680851,0.395361990950226,0.067627824019025,489.1855,442,708.886312217195,442
1.01,10,208,442,884,0.1427,0.1777,0.6796,0.1803,0.590749824807288,0.279122115925718,0.0682754561506769,0.2004,0.590749824807288,0.392234102419809,0.0682754561506769,490.1814,442,713.138998311761,442
1.02,10,208,442,884,0.1532,0.1741,0.6727,0.1839,0.572454308093995,0.277426766226307,0.0712055894157871,0.2041,0.572454308093995,0.393452039058013,0.0712055894157871,487.9418,442,705.881677197013,442
1.03,10,208,442,884,0.1548,0.1801,0.6651,0.1924,0.576227390180879,0.30094392004442,0.0736731318598707,0.2121,0.576227390180879,0.410327595780122,0.0736731318598707,489.1306,442,703.691282620766,442
1.04,10,208,442,884,0.1542,0.1807,0.6651,0.1913,0.588197146562905,0.302711676812396,0.0690121786197564,0.2133,0.588197146562905,0.424460431654676,0.0690121786197564,491.6668,442,716.857775318207,442
1.05,10,208,442,884,0.1576,0.1839,0.6585,0.1922,0.591370558375635,0.296356715606308,0.067577828397874,0.2111,0.591370558375635,0.399129961935835,0.067577828397874,491.0755,442,708.859706362153,442
1.06,10,208,442,884,0.1634,0.1855,0.6511,0.199,0.582007343941248,0.302964959568733,0.0732606358470281,0.2227,0.582007343941248,0.430727762803234,0.0732606358470281,491.5218,442,708.963881401617,442
1.07,10,208,442,884,0.1638,0.1819,0.6543,0.2085,0.608058608058608,0.329301814183617,0.0748891945590708,0.2276,0.608058608058608,0.434304562946674,0.0748891945590708,488.73,442,698.899395272128,442
1.08,10,208,442,884,0.1717,0.1828,0.6455,0.2157,0.603960396039604,0.320021881838074,0.0828814872192099,0.2366,0.603960396039604,0.434354485776805,0.0828814872192099,489.7983,442,703.478665207877,442
1.09,10,208,442,884,0.1625,0.1811,0.6564,0.2045,0.606153846153846,0.310325786858089,0.0758683729433272,0.2284,0.606153846153846,0.442297073440088,0.0758683729433272,489.4692,442,704.115958034235,442
1.1,10,208,442,884,0.1699,0.1916,0.6385,0.2051,0.602707474985285,0.283402922755741,0.0758026624902114,0.232,0.602707474985285,0.423799582463466,0.0758026624902114,493.5008,442,710.793319415449,442
1.11,10,208,442,884,0.1711,0.1802,0.6487,0.2117,0.59906487434249,0.317980022197558,0.0800061661785109,0.2324,0.59906487434249,0.432852386237514,0.0800061661785109,489.1825,442,703.834073251942,442
1.12,10,208,442,884,0.1723,0.1836,0.6441,0.2208,0.615786419036564,0.328976034858388,0.0843036795528645,0.2419,0.615786419036564,0.443899782135076,0.0843036795528645,490.1383,442,704.191176470588,442
1.13,10,208,442,884,0.1725,0.1861,0.6414,0.2146,0.612753623188406,0.296614723267061,0.0837231057062675,0.2424,0.612753623188406,0.445996775926921,0.0837231057062675,490.8803,442,704.656098871574,442
1.14,10,208,442,884,0.1699,0.1948,0.6353,0.2211,0.606238964096527,0.337268993839836,0.0824807177711318,0.2457,0.606238964096527,0.463552361396304,0.0824807177711318,494.1009,442,709.45841889117,442
1.15,10,208,442,884,0.1814,0.1832,0.6354,0.2296,0.631753031973539,0.3367903930131,0.0838841674535726,0.2529,0.631753031973539,0.463973799126638,0.0838841674535726,490.4968,442,706.720524017467,442
1.16,10,208,442,884,0.1822,0.1872,0.6306,0.2304,0.618551042810099,0.323717948717949,0.0905486837932128,0.2586,0.618551042810099,0.474358974358974,0.0905486837932128,491.5155,442,706.505876068376,442
1.17,10,208,442,884,0.1776,0.1903,0.6321,0.2275,0.624436936936937,0.332632685233841,0.0843221009333966,0.2498,0.624436936936937,0.449816079873883,0.0843221009333966,491.6608,442,702.960588544404,442
1.18,10,208,442,884,0.1811,0.1966,0.6223,0.2402,0.636112644947543,0.338758901322482,0.0938454121806203,0.2671,0.636112644947543,0.47558494404883,0.0938454121806203,494.7572,442,710.347914547304,442
1.19,10,208,442,884,0.1802,0.1935,0.6263,0.2406,0.641509433962264,0.342635658914729,0.0937250518920645,0.2664,0.641509433962264,0.475968992248062,0.0937250518920645,493.1935,442,706.565891472868,442
1.2,10,208,442,884,0.1908,0.1889,0.6203,0.242,0.634171907756813,0.335627316040233,0.0928582943736902,0.2698,0.634171907756813,0.482795129698253,0.0928582943736902,491.7856,442,705.555320275278,442
1.21,10,208,442,884,0.1876,0.1977,0.6147,0.2408,0.63592750533049,0.337379868487607,0.0891491784610379,0.2681,0.63592750533049,0.475467880627213,0.0891491784610379,493.1799,442,700.876580677795,442
1.22,10,208,442,884,0.1963,0.1983,0.6054,0.2634,0.644931227712685,0.372163388804841,0.10406342913776,0.2903,0.644931227712685,0.507816439737771,0.10406342913776,492.8641,442,698.500756429652,442
1.23,10,208,442,884,0.1932,0.1968,0.61,0.2589,0.66407867494824,0.352642276422764,0.100327868852459,0.2881,0.66407867494824,0.501016260162602,0.100327868852459,494.4091,442,708.306402439024,442
1.24,10,208,442,884,0.1988,0.2011,0.6001,0.2533,0.654929577464789,0.332670313276977,0.0936510581569738,0.2809,0.654929577464789,0.469915464942814,0.0936510581569738,494.2309,442,701.726006961711,442
1.25,10,208,442,884,0.1962,0.1961,0.6077,0.2557,0.649847094801223,0.360020397756247,0.0947836103340464,0.2823,0.649847094801223,0.495665476797552,0.0947836103340464,492.6841,442,700.460479347272,442
1.26,10,208,442,884,0.1946,0.1933,0.6121,0.2534,0.642857142857143,0.343507501293326,0.101127266786473,0.2829,0.642857142857143,0.496120020693223,0.101127266786473,492.9478,442,705.568546301086,442
1.27,10,208,442,884,0.1939,0.2038,0.6023,0.2657,0.660134089736978,0.379293424926398,0.100282251369749,0.2943,0.660134089736978,0.519627085377821,0.100282251369749,494.6334,442,700.260058881256,442
1.28,10,208,442,884,0.1966,0.2004,0.603,0.2664,0.663784333672431,0.355289421157685,0.107296849087894,0.296,0.663784333672431,0.502994011976048,0.107296849087894,494.9906,442,706.424151696607,442
1.29,10,208,442,884,0.2076,0.1968,0.5956,0.2634,0.665703275529865,0.360264227642276,0.0911685695097381,0.2941,0.665703275529865,0.516260162601626,0.0911685695097381,493.1483,442,701.899898373984,442
1.3,10,208,442,884,0.1995,0.2054,0.5951,0.276,0.670175438596491,0.384615384615385,0.106368677533188,0.3066,0.670175438596491,0.533592989289192,0.106368677533188,495.1873,442,700.944985394352,442
1.31,10,208,442,884,0.2115,0.2017,0.5868,0.2839,0.674704491725768,0.385721368368865,0.108043626448534,0.3118,0.674704491725768,0.524045612295488,0.108043626448534,494.3051,442,701.3212692117,442
1.32,10,208,442,884,0.2154,0.2021,0.5825,0.2911,0.676415970287837,0.377535873330035,0.11862660944206,0.3236,0.676415970287837,0.538347352795646,0.11862660944206,495.3767,442,706.110341415141,442
1.33,10,208,442,884,0.2043,0.205,0.5907,0.2838,0.684777288301517,0.384878048780488,0.110038936854579,0.317,0.684777288301517,0.546829268292683,0.110038936854579,495.6181,442,703.551707317073,442
1.34,10,208,442,884,0.2091,0.2053,0.5856,0.2863,0.667623146819703,0.383828543594739,0.115949453551913,0.321,0.667623146819703,0.552849488553337,0.115949453551913,495.1474,442,700.876765708719,442
1.35,10,208,442,884,0.2155,0.2116,0.5729,0.2872,0.668213457076566,0.380434782608696,0.109443183801711,0.3214,0.668213457076566,0.542060491493384,0.109443183801711,499.1164,442,711.926275992439,442
1.36,10,208,442,884,0.2146,0.2129,0.5725,0.2985,0.696178937558248,0.382808830436825,0.118078602620087,0.3343,0.696178937558248,0.550962893377172,0.118078602620087,498.5418,442,707.579145138563,442
1.37,10,208,442,884,0.2193,0.2093,0.5714,0.3,0.682170542635659,0.3865265169613,0.121631081554078,0.3352,0.682170542635659,0.554706163401816,0.121631081554078,497.4616,442,706.986144290492,442
1.38,10,208,442,884,0.2189,0.2077,0.5734,0.3087,0.707172224760165,0.401059220028888,0.123125217997907,0.3426,0.707172224760165,0.564275397207511,0.123125217997907,495.9925,442,701.954260953298,442
1.39,10,208,442,884,0.2288,0.2128,0.5584,0.3141,0.695804195804196,0.400375939849624,0.124820916905444,0.3478,0.695804195804196,0.558740601503759,0.124820916905444,496.5971,442,698.565319548872,442
1.4,10,208,442,884,0.2328,0.2145,0.5527,0.3163,0.698024054982818,0.392074592074592,0.126108196128098,0.3482,0.698024054982818,0.540792540792541,0.126108196128098,497.3689,442,700.13006993007,442
1.41,10,208,442,884,0.2369,0.2126,0.5505,0.3175,0.70578303081469,0.395578551269991,0.120254314259764,0.3536,0.70578303081469,0.565380997177799,0.120254314259764,497.6682,442,703.844778927564,442
1.42,10,208,442,884,0.2302,0.2092,0.5606,0.3252,0.71372719374457,0.422562141491396,0.129325722440243,0.357,0.71372719374457,0.574569789674952,0.129325722440243,496.4955,442,702.494741873805,442
1.43,10,208,442,884,0.2319,0.2054,0.5627,0.3316,0.720137990513152,0.419182083739046,0.139505953438777,0.3635,0.720137990513152,0.574488802336904,0.139505953438777,494.7833,442,698.978091528724,442
1.44,10,208,442,884,0.231,0.2109,0.5581,0.3261,0.716450216450216,0.419630156472262,0.129188317505823,0.3614,0.716450216450216,0.587008060692271,0.129188317505823,496.7252,442,701.484115694642,442
1.45,10,208,442,884,0.2272,0.2199,0.5529,0.3268,0.707746478873239,0.412005457025921,0.136371857478748,0.365,0.707746478873239,0.585720782173715,0.136371857478748,498.4134,442,698.541155070487,442
1.46,10,208,442,884,0.2444,0.2112,0.5444,0.342,0.724631751227496,0.421875,0.139235855988244,0.3786,0.724631751227496,0.595170454545455,0.139235855988244,496.0609,442,697.970170454545,442
1.47,10,208,442,884,0.242,0.2201,0.5379,0.3336,0.707851239669422,0.407087687414811,0.135155233314743,0.371,0.707851239669422,0.577010449795547,0.135155233314743,497.6919,442,695.029986369832,442
1.48,10,208,442,884,0.2427,0.2135,0.5438,0.3373,0.718994643592913,0.416393442622951,0.135895549834498,0.3704,0.718994643592913,0.571428571428571,0.135895549834498,497.8088,442,703.399531615925,442
1.49,10,208,442,884,0.2481,0.2195,0.5324,0.3514,0.71825876662636,0.44373576309795,0.142374154770849,0.3863,0.71825876662636,0.602733485193622,0.142374154770849,498.0231,442,697.230523917995,442
1.5,10,208,442,884,0.2446,0.2179,0.5375,0.3463,0.740392477514309,0.429554841670491,0.133209302325581,0.3828,0.740392477514309,0.597062872877467,0.133209302325581,498.1828,442,699.837540156035,442
1.51,10,208,442,884,0.2451,0.2073,0.5476,0.3459,0.725010199918401,0.421128798842258,0.147735573411249,0.3836,0.725010199918401,0.602990834539315,0.147735573411249,495.9671,442,702.333333333333,442
1.52,10,208,442,884,0.2518,0.2184,0.5298,0.3574,0.731532962668785,0.429029304029304,0.150056625141563,0.3965,0.731532962668785,0.608058608058608,0.150056625141563,497.7102,442,697.083333333333,442
1.53,10,208,442,884,0.2567,0.2177,0.5256,0.3631,0.733930658356058,0.443270555810749,0.148782343987823,0.4032,0.733930658356058,0.62746899402848,0.148782343987823,497.5144,442,697.004134129536,442
1.54,10,208,442,884,0.2535,0.2209,0.5256,0.3613,0.72465483234714,0.436849253055681,0.154299847792998,0.4026,0.72465483234714,0.623811679492983,0.154299847792998,499.5593,442,702.567224988683,442
1.55,10,208,442,884,0.2612,0.2192,0.5196,0.369,0.742343032159265,0.43521897810219,0.153387220939184,0.4085,0.742343032159265,0.615419708029197,0.153387220939184,500.2551,442,707.762317518248,442
1.56,10,208,442,884,0.2637,0.2224,0.5139,0.3784,0.742131209708002,0.460881294964029,0.156061490562366,0.4175,0.742131209708002,0.636690647482014,0.156061490562366,498.8504,442,697.622302158273,442
1.57,10,208,442,884,0.2608,0.2252,0.514,0.3751,0.762653374233129,0.432060390763766,0.153501945525292,0.4177,0.762653374233129,0.621225577264654,0.153501945525292,501.8121,442,707.595470692718,442
1.58,10,208,442,884,0.2587,0.2245,0.5168,0.3684,0.731349052957093,0.444097995545657,0.153831269349845,0.4112,0.731349052957093,0.634743875278396,0.153831269349845,500.4104,442,702.17995545657,442
1.59,10,208,442,884,0.2647,0.2263,0.509,0.3838,0.738571968265961,0.463985859478568,0.163654223968566,0.4239,0.738571968265961,0.641184268669907,0.163654223968566,499.5158,442,696.157313300928,442
1.6,10,208,442,884,0.2667,0.2224,0.5109,0.3877,0.754405699287589,0.45863309352518,0.165394402035623,0.4303,0.754405699287589,0.650179856115108,0.165394402035623,498.958,442,698.106115107914,442
1.61,10,208,442,884,0.2715,0.2219,0.5066,0.395,0.76316758747698,0.472284812978819,0.163837347019345,0.4359,0.76316758747698,0.656602073005858,0.163837347019345,499.6365,442,701.740874267688,442
1.62,10,208,442,884,0.2801,0.219,0.5009,0.3967,0.760442699036059,0.468949771689498,0.161708923936914,0.4376,0.760442699036059,0.655707762557078,0.161708923936914,497.5311,442,695.566666666667,442
1.63,10,208,442,884,0.2763,0.2183,0.5054,0.3932,0.753528773072747,0.455794777828676,0.169172932330827,0.4362,0.753528773072747,0.65277141548328,0.169172932330827,498.0734,442,698.863948694457,442
1.64,10,208,442,884,0.2796,0.2146,0.5058,0.397,0.762875536480687,0.461323392357875,0.167457493080269,0.4354,0.762875536480687,0.640260950605778,0.167457493080269,497.8502,442,702.252562907735,442
1.65,10,208,442,884,0.2877,0.216,0.4963,0.4103,0.758776503302051,0.476851851851852,0.179327019947612,0.4504,0.758776503302051,0.6625,0.179327019947612,496.7445,442,695.446759259259,442
1.66,10,208,442,884,0.2828,0.224,0.4932,0.4093,0.764497878359265,0.488392857142857,0.16970802919708,0.4522,0.764497878359265,0.679910714285714,0.16970802919708,498.9868,442,696.405357142857,442
1.67,10,208,442,884,0.2888,0.2273,0.4839,0.421,0.771468144044321,0.495820501539815,0.176689398636082,0.4644,0.771468144044321,0.686757589089309,0.176689398636082,499.7245,442,695.957325120986,442
1.68,10,208,442,884,0.2942,0.2239,0.4819,0.4284,0.781101291638341,0.498436802143814,0.180535380784395,0.4716,0.781101291638341,0.691380080393033,0.180535380784395,499.6646,442,699.546225993747,442
1.69,10,208,442,884,0.2903,0.2307,0.479,0.4242,0.778849466069583,0.489380147377547,0.177870563674321,0.4701,0.778849466069583,0.688339835283919,0.177870563674321,501.7522,442,701.003901170351,442
1.7,10,208,442,884,0.2915,0.2241,0.4844,0.4215,0.779416809605489,0.480589022757697,0.178777869529315,0.4662,0.779416809605489,0.680053547523427,0.178777869529315,497.895,442,691.41990182954,442
1.71,10,208,442,884,0.3,0.2286,0.4714,0.4284,0.784333333333333,0.482502187226597,0.175647008909631,0.4737,0.784333333333333,0.680664916885389,0.175647008909631,498.775,442,690.359580052493,442
1.72,10,208,442,884,0.2977,0.2266,0.4757,0.4384,0.778636210950621,0.508384819064431,0.1921379020391,0.4799,0.778636210950621,0.691526919682259,0.1921379020391,498.9896,442,693.4986760812,442
1.73,10,208,442,884,0.3022,0.2269,0.4709,0.4425,0.78656518861681,0.502864698104892,0.192609895943937,0.4837,0.78656518861681,0.684442485676509,0.192609895943937,499.6171,442,695.931687968268,442
1.74,10,208,442,884,0.3062,0.2297,0.4641,0.4427,0.770084911822338,0.494993469743143,0.200818789054083,0.4857,0.770084911822338,0.682194166303875,0.200818789054083,499.6283,442,692.885067479321,442
1.75,10,208,442,884,0.3065,0.2321,0.4614,0.4525,0.79184339314845,0.503231365790607,0.201560468140442,0.4981,0.79184339314845,0.699698405859543,0.201560468140442,500.7411,442,695.085308056872,442
1.76,10,208,442,884,0.3064,0.2302,0.4634,0.4462,0.782963446475196,0.493049522154648,0.200258955545965,0.4967,0.782963446475196,0.712423979148566,0.200258955545965,501.9256,442,702.319721980886,442
1.77,10,208,442,884,0.3143,0.2326,0.4531,0.4638,0.792236716512886,0.527944969905417,0.203045685279188,0.5108,0.792236716512886,0.730008598452279,0.203045685279188,501.1714,442,696.391229578676,442
1.78,10,208,442,884,0.3086,0.2321,0.4593,0.4567,0.800064808813999,0.506678155967256,0.200740256912693,0.5022,0.800064808813999,0.70271434726411,0.200740256912693,500.0592,442,692.147350280052,442
1.79,10,208,442,884,0.3068,0.2321,0.4611,0.4567,0.788787483702738,0.518741921585523,0.204510952071134,0.5015,0.788787483702738,0.711762171477811,0.204510952071134,499.5009,442,689.741921585524,442
1.8,10,208,442,884,0.3185,0.2288,0.4527,0.4707,0.804709576138148,0.534090909090909,0.203666887563508,0.5121,0.804709576138148,0.715034965034965,0.203666887563508,498.9403,442,690.864947552448,442
1.81,10,208,442,884,0.3257,0.224,0.4503,0.4793,0.808105618667485,0.531696428571429,0.215411947590495,0.5245,0.808105618667485,0.733482142857143,0.215411947590495,500.0856,442,701.310714285714,442
1.82,10,208,442,884,0.3218,0.227,0.4512,0.4837,0.810441267868241,0.537004405286344,0.223847517730496,0.5277,0.810441267868241,0.730837004405286,0.223847517730496,499.1992,442,693.978854625551,442
1.83,10,208,442,884,0.3299,0.2302,0.4399,0.4826,0.802364352834192,0.533449174630756,0.216185496703796,0.5308,0.802364352834192,0.742832319721981,0.216185496703796,500.8928,442,697.833188531712,442
1.84,10,208,442,884,0.334,0.22,0.446,0.4917,0.812574850299401,0.546818181818182,0.224215246636771,0.5356,0.812574850299401,0.746363636363636,0.224215246636771,497.8422,442,695.828181818182,442
1.85,10,208,442,884,0.3328,0.2304,0.4368,0.4955,0.821514423076923,0.542534722222222,0.222298534798535,0.5424,0.821514423076923,0.74609375,0.222298534798535,500.6061,442,696.366753472222,442
1.86,10,208,442,884,0.3376,0.2282,0.4342,0.5,0.824052132701422,0.550394390885188,0.221556886227545,0.5458,0.824052132701422,0.751095530236635,0.221556886227545,499.2682,442,692.956178790535,442
1.87,10,208,442,884,0.3342,0.2348,0.431,0.4891,0.810891681627768,0.534923339011925,0.21461716937355,0.5402,0.810891681627768,0.752555366269165,0.21461716937355,501.0729,442,693.588160136286,442
1.88,10,208,442,884,0.3416,0.2297,0.4287,0.5067,0.829332552693208,0.535481062255115,0.234196407744343,0.5561,0.829332552693208,0.750544188071397,0.234196407744343,500.468,442,696.540705267741,442
1.89,10,208,442,884,0.3422,0.231,0.4268,0.5062,0.832261835184103,0.549350649350649,0.221415182755389,0.5515,0.832261835184103,0.745454545454545,0.221415182755389,499.6377,442,691.513852813853,442
1.9,10,208,442,884,0.347,0.2351,0.4179,0.5148,0.82507204610951,0.549128030625266,0.23785594639866,0.5648,0.82507204610951,0.761803487877499,0.23785594639866,500.0819,442,689.05189281157,442
1.91,10,208,442,884,0.3525,0.2262,0.4213,0.5135,0.830070921985816,0.541556145004421,0.233562781865654,0.5623,0.830070921985816,0.757294429708223,0.233562781865654,498.8477,442,693.316091954023,442
1.92,10,208,442,884,0.3453,0.2345,0.4202,0.5183,0.833188531711555,0.543283582089552,0.24559733460257,0.567,0.833188531711555,0.750959488272921,0.24559733460257,500.5581,442,691.714712153518,442
1.93,10,208,442,884,0.3621,0.2309,0.407,0.5353,0.842308754487711,0.554785621481161,0.251105651105651,0.5828,0.842308754487711,0.760502381983543,0.251105651105651,499.4977,442,691.015591165007,442
1.94,10,208,442,884,0.3612,0.226,0.4128,0.5286,0.840254706533776,0.547345132743363,0.245639534883721,0.5752,0.840254706533776,0.75353982300885,0.245639534883721,500.0257,442,698.750884955752,442
1.95,10,208,442,884,0.3598,0.2261,0.4141,0.5356,0.839633129516398,0.563025210084034,0.256459792320695,0.5807,0.839633129516398,0.7624944714728,0.256459792320695,500.2536,442,699.645289694825,442
1.96,10,208,442,884,0.3616,0.235,0.4034,0.5382,0.840984513274336,0.55531914893617,0.256817055032226,0.5898,0.840984513274336,0.774893617021277,0.256817055032226,501.3883,442,694.716170212766,442
1.97,10,208,442,884,0.3705,0.2288,0.4007,0.543,0.846963562753036,0.570804195804196,0.246069378587472,0.5931,0.846963562753036,0.789772727272727,0.246069378587472,499.6585,442,694.003933566434,442
1.98,10,208,442,884,0.3719,0.233,0.3951,0.5483,0.839741866093036,0.582403433476395,0.253859782333586,0.5952,0.839741866093036,0.783690987124464,0.253859782333586,500.928,442,694.909871244635,442
1.99,10,208,442,884,0.3663,0.2325,0.4012,0.543,0.833742833742834,0.596989247311828,0.246261216350947,0.5865,0.833742833742834,0.784086021505376,0.246261216350947,499.1652,442,687.871827956989,442
2,10,208,442,884,0.3689,0.2313,0.3998,0.5506,0.842233667660613,0.579334198011241,0.26488244122061,0.5968,0.842233667660613,0.779074794638997,0.26488244122061,498.9215,442,688.093817552961,442
2.01,10,208,442,884,0.3759,0.229,0.3951,0.5651,0.869380154296355,0.570742358078603,0.272336117438623,0.6141,0.869380154296355,0.78471615720524,0.272336117438623,499.4889,442,693.043231441048,442
2.02,10,208,442,884,0.3846,0.2329,0.3825,0.5689,0.846073842953718,0.59424645770717,0.274771241830065,0.6143,0.846073842953718,0.789179905538858,0.274771241830065,499.9889,442,690.98626019751,442
2.03,10,208,442,884,0.3789,0.2346,0.3865,0.5639,0.845077856954342,0.603154305200341,0.264424320827943,0.6101,0.845077856954342,0.800085251491901,0.264424320827943,499.1798,442,685.73316283035,442
2.04,10,208,442,884,0.3811,0.2339,0.385,0.5629,0.858829703489898,0.578452330055579,0.260519480519481,0.6116,0.858829703489898,0.786660966224882,0.260519480519481,500.4195,442,691.762719110731,442
2.05,10,208,442,884,0.3892,0.2334,0.3774,0.5783,0.854573484069887,0.603684661525278,0.277689454160042,0.6267,0.854573484069887,0.811053984575835,0.277689454160042,500.1193,442,691.011568123393,442
2.06,10,208,442,884,0.3851,0.2324,0.3825,0.5741,0.857958971695663,0.597676419965577,0.273986928104575,0.62,0.857958971695663,0.795180722891566,0.273986928104575,499.8812,442,691.05851979346,442
2.07,10,208,442,884,0.3881,0.2338,0.3781,0.5791,0.855707291935068,0.604790419161677,0.279291192806136,0.6239,0.855707291935068,0.796407185628742,0.279291192806136,499.2685,442,686.946535500428,442
2.08,10,208,442,884,0.3944,0.2266,0.379,0.5884,0.866886409736308,0.614298323036187,0.28311345646438,0.6362,0.866886409736308,0.825242718446602,0.28311345646438,498.2763,442,690.350838481906,442
2.09,10,208,442,884,0.403,0.2312,0.3658,0.5918,0.864516129032258,0.615916955017301,0.276107162383816,0.6426,0.864516129032258,0.835640138408305,0.276107162383816,500.0005,442,692.867214532872,442
2.1,10,208,442,884,0.403,0.2374,0.3596,0.5946,0.863523573200993,0.607834877843302,0.28448275862069,0.6439,0.863523573200993,0.815501263689975,0.28448275862069,501.9314,442,694.449031171019,442
2.11,10,208,442,884,0.402,0.2308,0.3672,0.5934,0.864676616915423,0.606152512998267,0.288398692810457,0.6413,0.864676616915423,0.81369150779896,0.288398692810457,498.6796,442,687.578856152513,442
2.12,10,208,442,884,0.4026,0.2289,0.3685,0.5975,0.865126676602086,0.614242027086064,0.294708276797829,0.6416,0.865126676602086,0.806902577544779,0.294708276797829,496.8514,442,681.630406290957,442
2.13,10,208,442,884,0.4096,0.2344,0.356,0.6052,0.866455078125,0.612627986348123,0.299719101123596,0.6515,0.866455078125,0.810153583617747,0.299719101123596,501.0215,442,693.798208191126,442
2.14,10,208,442,884,0.4194,0.2281,0.3525,0.621,0.865760610395804,0.647084612012275,0.31290780141844,0.6615,0.865760610395804,0.824638316527839,0.31290780141844,498.1133,442,688.003068829461,442
2.15,10,208,442,884,0.4199,0.2336,0.3465,0.6177,0.867825672779233,0.634845890410959,0.303030303030303,0.6627,0.867825672779233,0.827482876712329,0.303030303030303,499.8319,442,689.568065068493,442
2.16,10,208,442,884,0.4226,0.2308,0.3466,0.6181,0.875059157595835,0.621317157712305,0.30265435660704,0.6639,0.875059157595835,0.819757365684575,0.30265435660704,498.5956,442,687.214904679376,442
2.17,10,208,442,884,0.4191,0.2404,0.3405,0.6261,0.868289191123837,0.644342762063228,0.315124816446402,0.6743,0.868289191123837,0.844841930116473,0.315124816446402,502.5042,442,693.681364392679,442
2.18,10,208,442,884,0.4207,0.2278,0.3515,0.626,0.884715949607797,0.623353819139596,0.318065433854908,0.6734,0.884715949607797,0.831431079894644,0.318065433854908,499.1534,442,692.892888498683,442
2.19,10,208,442,884,0.4173,0.2291,0.3536,0.6303,0.884735202492212,0.645569620253165,0.320135746606335,0.6791,0.884735202492212,0.858577040593627,0.320135746606335,496.8859,442,681.571802706242,442
2.2,10,208,442,884,0.4271,0.2343,0.3386,0.6442,0.891828611566378,0.654716175842936,0.324571766095688,0.6882,0.891828611566378,0.842509603072983,0.324571766095688,498.7141,442,684.0576184379,442
2.21,10,208,442,884,0.4257,0.2349,0.3394,0.6364,0.875264270613108,0.64708386547467,0.32940483205657,0.6803,0.875264270613108,0.83397190293742,0.32940483205657,499.2888,442,685.885908897403,442
2.22,10,208,442,884,0.4289,0.2383,0.3328,0.6408,0.888085800885987,0.654217373059169,0.3125,0.6846,0.888085800885987,0.838019303399077,0.3125,499.7876,442,684.499370541334,442
2.23,10,208,442,884,0.4239,0.2297,0.3464,0.6381,0.887945270110875,0.64867218110579,0.325346420323326,0.6841,0.887945270110875,0.848933391380061,0.325346420323326,497.1325,442,682.01959077057,442
2.24,10,208,442,884,0.44,0.2316,0.3284,0.649,0.888409090909091,0.651986183074266,0.326126674786845,0.6937,0.888409090909091,0.844991364421416,0.326126674786845,498.4346,442,685.672711571675,442
2.25,10,208,442,884,0.4373,0.2278,0.3349,0.6544,0.888406128515893,0.671641791044776,0.337115556882652,0.6947,0.888406128515893,0.848551360842845,0.337115556882652,497.9818,442,687.749780509219,442
2.26,10,208,442,884,0.446,0.2269,0.3271,0.6539,0.895291479820628,0.655795504627589,0.323448486701315,0.6967,0.895291479820628,0.844424856765095,0.323448486701315,498.0428,442,688.993389158219,442
2.27,10,208,442,884,0.4425,0.2361,0.3214,0.6652,0.902372881355932,0.670478610758153,0.334785314250156,0.711,0.902372881355932,0.864464210080474,0.334785314250156,499.7494,442,686.597204574333,442
2.28,10,208,442,884,0.4508,0.222,0.3272,0.6561,0.892191659272405,0.656306306306306,0.330684596577017,0.6984,0.892191659272405,0.846846846846847,0.330684596577017,495.9558,442,685.044144144144,442
2.29,10,208,442,884,0.452,0.2263,0.3217,0.6717,0.900663716814159,0.678303137428193,0.345352813179981,0.7126,0.900663716814159,0.859036676977464,0.345352813179981,496.5307,442,682.9664162616,442
2.3,10,208,442,884,0.4496,0.2281,0.3223,0.6669,0.893016014234875,0.66330556773345,0.354017995656221,0.7113,0.893016014234875,0.857957036387549,0.354017995656221,498.9459,442,691.653222270934,442
2.31,10,208,442,884,0.4587,0.2261,0.3152,0.6827,0.899934597776324,0.691729323308271,0.36008883248731,0.7224,0.899934597776324,0.867315347191508,0.36008883248731,497.1915,442,686.102167182663,442
2.32,10,208,442,884,0.4756,0.2207,0.3037,0.6891,0.907275021026072,0.67149977344812,0.360223905169575,0.7294,0.907275021026072,0.854100589034889,0.360223905169575,493.7773,442,676.604893520616,442
2.33,10,208,442,884,0.4749,0.2253,0.2998,0.6817,0.898926089703095,0.659565024411895,0.354236157438292,0.7289,0.898926089703095,0.869063470927652,0.354236157438292,495.88,442,681.147802929427,442
2.34,10,208,442,884,0.4675,0.23,0.3025,0.696,0.898609625668449,0.700434782608696,0.379504132231405,0.7384,0.898609625668449,0.884782608695652,0.379504132231405,498.1888,442,686.299130434783,442
2.35,10,208,442,884,0.4756,0.2209,0.3035,0.6942,0.908326324642557,0.677682209144409,0.370675453047776,0.7385,0.908326324642557,0.878225441376188,0.370675453047776,494.8745,442,681.359438660027,442
2.36,10,208,442,884,0.476,0.2292,0.2948,0.6943,0.909033613445378,0.678446771378709,0.359905020352782,0.7383,0.909033613445378,0.870418848167539,0.359905020352782,497.7799,442,685.36780104712,442
2.37,10,208,442,884,0.4737,0.2277,0.2986,0.6986,0.910069664344522,0.69828722002635,0.363362357669123,0.739,0.910069664344522,0.875713658322354,0.363362357669123,496.9696,442,683.412384716733,442
2.38,10,208,442,884,0.4812,0.219,0.2998,0.7072,0.911886949293433,0.699543378995434,0.38425617078052,0.7453,0.911886949293433,0.87351598173516,0.38425617078052,494.6623,442,682.467123287671,442
2.39,10,208,442,884,0.489,0.2276,0.2834,0.7115,0.914110429447853,0.694639718804921,0.375441072688779,0.7513,0.914110429447853,0.869507908611599,0.375441072688779,497.3174,442,685.046572934974,442
2.4,10,208,442,884,0.4856,0.2263,0.2881,0.7171,0.916803953871499,0.704374723817941,0.390489413398126,0.7586,0.916803953871499,0.887759611135661,0.390489413398126,496.8891,442,684.550154661953,442
2.41,10,208,442,884,0.489,0.2221,0.2889,0.7141,0.911451942740286,0.69968482665466,0.391138802353756,0.7542,0.911451942740286,0.880234128770824,0.391138802353756,495.6801,442,683.693381359748,442
2.42,10,208,442,884,0.4897,0.2204,0.2899,0.7156,0.918317337145191,0.701451905626134,0.38392549154881,0.7541,0.918317337145191,0.876134301270417,0.38392549154881,494.773,442,681.441923774955,442
2.43,10,208,442,884,0.4971,0.2232,0.2797,0.7202,0.912492456246228,0.719534050179211,0.378977475867,0.7589,0.912492456246228,0.892921146953405,0.378977475867,496.1155,442,684.452956989247,442
2.44,10,208,442,884,0.4998,0.2219,0.2783,0.729,0.921168467386955,0.706173952230735,0.402084081925979,0.7689,0.921168467386955,0.885984677782785,0.402084081925979,495.7285,442,684.129337539432,442
2.45,10,208,442,884,0.5011,0.2227,0.2762,0.7259,0.922370784274596,0.699146834306242,0.391020999275887,0.7695,0.922370784274596,0.894925909295016,0.391020999275887,495.9433,442,684.224068253255,442
2.46,10,208,442,884,0.4972,0.2231,0.2797,0.7319,0.920555108608206,0.722994173016585,0.403646764390418,0.7703,0.920555108608206,0.895114298520843,0.403646764390418,495.2173,442,680.535634244733,442
2.47,10,208,442,884,0.4999,0.2247,0.2754,0.7271,0.922784556911382,0.704494882064976,0.390341321713871,0.7697,0.922784556911382,0.894080996884735,0.390341321713871,496.757,442,685.689363595906,442
2.48,10,208,442,884,0.5076,0.2233,0.2691,0.7433,0.923561859732072,0.720107478728168,0.422519509476031,0.7825,0.923561859732072,0.895656068069861,0.422519509476031,495.8616,442,683.207344379758,442
2.49,10,208,442,884,0.5118,0.2222,0.266,0.7456,0.927315357561547,0.71962196219622,0.417669172932331,0.7838,0.927315357561547,0.891539153915392,0.417669172932331,494.7166,442,679.248424842484,442
2.5,10,208,442,884,0.509,0.2205,0.2705,0.7383,0.917878192534381,0.723356009070295,0.412569316081331,0.7793,0.917878192534381,0.909297052154195,0.412569316081331,495.415,442,684.244897959184,442
